図鑑番号,ポケモン名,タイプ１,タイプ２,通常特性１,通常特性２,夢特性,HP,こうげき,ぼうぎょ,とくこう,とくぼう,すばやさ,合計
1,フシギダネ,くさ,どく,しんりょく,,ようりょくそ,45,49,49,65,65,45,318
2,フシギソウ,くさ,どく,しんりょく,,ようりょくそ,60,62,63,80,80,60,405
3,フシギバナ,くさ,どく,しんりょく,,ようりょくそ,80,82,83,100,100,80,525
3,メガフシギバナ,くさ,どく,あついしぼう,,,80,100,123,122,120,80,625
4,ヒトカゲ,ほのお,,もうか,,サンパワー,39,52,43,60,50,65,309
5,リザード,ほのお,,もうか,,サンパワー,58,64,58,80,65,80,405
6,リザードン,ほのお,ひこう,もうか,,サンパワー,78,84,78,109,85,100,534
6,メガリザードンX,ほのお,ドラゴン,かたいツメ,,,78,130,111,130,85,100,634
6,メガリザードンY,ほのお,ひこう,ひでり,,,78,104,78,159,115,100,634
7,ゼニガメ,みず,,げきりゅう,,あめうけざら,44,48,65,50,64,43,314
8,カメール,みず,,げきりゅう,,あめうけざら,59,63,80,65,80,58,405
9,カメックス,みず,,げきりゅう,,あめうけざら,79,83,100,85,105,78,530
9,メガカメックス,みず,,メガランチャー,,,79,103,120,135,115,78,630
10,キャタピー,むし,,りんぷん,,にげあし,45,30,35,20,20,45,195
11,トランセル,むし,,だっぴ,,,50,20,55,25,25,30,205
12,バタフリー,むし,ひこう,ふくがん,,いろめがね,60,45,50,90,80,70,395
13,ビードル,むし,どく,りんぷん,,にげあし,40,35,30,20,20,50,195
14,コクーン,むし,どく,だっぴ,,,45,25,50,25,25,35,205
15,スピアー,むし,どく,むしのしらせ,,スナイパー,65,90,40,45,80,75,395
15,メガスピアー,むし,どく,てきおうりょく,,,65,150,40,15,80,145,495
16,ポッポ,ノーマル,ひこう,するどいめ,ちどりあし,はとむね,40,45,40,35,35,56,251
17,ピジョン,ノーマル,ひこう,するどいめ,ちどりあし,はとむね,63,60,55,50,50,71,349
18,ピジョット,ノーマル,ひこう,するどいめ,ちどりあし,はとむね,83,80,75,70,70,101,479
18,メガピジョット,ノーマル,ひこう,ノーガード,,,83,80,80,135,80,121,579
19,コラッタ,ノーマル,,にげあし,こんじょう,はりきり,30,56,35,25,35,72,253
19,コラッタ(アローラのすがた),あく,ノーマル,くいしんぼう,はりきり,あついしぼう,30,56,35,25,35,72,253
20,ラッタ,ノーマル,,にげあし,こんじょう,はりきり,55,81,60,50,70,97,413
20,ラッタ(アローラのすがた),あく,ノーマル,くいしんぼう,はりきり,あついしぼう,75,71,70,40,80,77,413
21,オニスズメ,ノーマル,ひこう,するどいめ,,スナイパー,40,60,30,31,31,70,262
22,オニドリル,ノーマル,ひこう,するどいめ,,スナイパー,65,90,65,61,61,100,442
23,アーボ,どく,,いかく,だっぴ,きんちょうかん,35,60,44,40,54,55,288
24,アーボック,どく,,いかく,だっぴ,きんちょうかん,60,95,69,65,79,80,448
25,ピカチュウ,でんき,,せいでんき,,ひらいしん,35,55,40,50,50,90,320
25,ピカチュウ(相棒),でんき,,,,,45,80,50,75,60,120,430
26,ライチュウ,でんき,,せいでんき,,ひらいしん,60,90,55,90,80,110,485
26,ライチュウ(アローラのすがた),でんき,エスパー,サーフテール,,,60,85,50,95,85,110,485
27,サンド,じめん,,すながくれ,,すなかき,50,75,85,20,30,40,300
27,サンド(アローラのすがた),こおり,はがね,ゆきがくれ,,ゆきかき,50,75,90,10,35,40,300
28,サンドパン,じめん,,すながくれ,,すなかき,75,100,110,45,55,65,450
28,サンドパン(アローラのすがた),こおり,はがね,ゆきがくれ,,ゆきかき,75,100,120,25,65,65,450
29,ニドラン♀,どく,,どくのトゲ,とうそうしん,はりきり,55,47,52,40,40,41,275
30,ニドリーナ,どく,,どくのトゲ,とうそうしん,はりきり,70,62,67,55,55,56,365
31,ニドクイン,どく,じめん,どくのトゲ,とうそうしん,ちからずく,90,92,87,75,85,76,505
32,ニドラン♂,どく,,どくのトゲ,とうそうしん,はりきり,46,57,40,40,40,50,273
33,ニドリーノ,どく,,どくのトゲ,とうそうしん,はりきり,61,72,57,55,55,65,365
34,ニドキング,どく,じめん,どくのトゲ,とうそうしん,ちからずく,81,102,77,85,75,85,505
35,ピッピ,フェアリー,,メロメロボディ,マジックガード,フレンドガード,70,45,48,60,65,35,323
36,ピクシー,フェアリー,,メロメロボディ,マジックガード,てんねん,95,70,73,95,90,60,483
37,ロコン,ほのお,,もらいび,,ひでり,38,41,40,50,65,65,299
37,ロコン(アローラのすがた),こおり,,ゆきがくれ,,ゆきふらし,38,41,40,50,65,65,299
38,キュウコン,ほのお,,もらいび,,ひでり,73,76,75,81,100,100,505
38,キュウコン(アローラのすがた),こおり,フェアリー,ゆきがくれ,,ゆきふらし,73,67,75,81,100,109,505
39,プリン,ノーマル,フェアリー,メロメロボディ,かちき,フレンドガード,115,45,20,45,25,20,270
40,プクリン,ノーマル,フェアリー,メロメロボディ,かちき,おみとおし,140,70,45,85,50,45,435
41,ズバット,どく,ひこう,せいしんりょく,,すりぬけ,40,45,35,30,40,55,245
42,ゴルバット,どく,ひこう,せいしんりょく,,すりぬけ,75,80,70,65,75,90,455
43,ナゾノクサ,くさ,どく,ようりょくそ,,にげあし,45,50,55,75,65,30,320
44,クサイハナ,くさ,どく,ようりょくそ,,あくしゅう,60,65,70,85,75,40,395
45,ラフレシア,くさ,どく,ようりょくそ,,ほうし,75,80,85,110,90,50,490
46,パラス,むし,くさ,ほうし,かんそうはだ,しめりけ,35,70,55,45,55,25,285
47,パラセクト,むし,くさ,ほうし,かんそうはだ,しめりけ,60,95,80,60,80,30,405
48,コンパン,むし,どく,ふくがん,いろめがね,にげあし,60,55,50,40,55,45,305
49,モルフォン,むし,どく,りんぷん,いろめがね,ミラクルスキン,70,65,60,90,75,90,450
50,ディグダ,じめん,,すながくれ,ありじごく,すなのちから,10,55,25,35,45,95,265
50,ディグダ(アローラのすがた),じめん,はがね,すながくれ,カーリーヘアー,すなのちから,10,55,30,35,45,90,265
51,ダグトリオ,じめん,,すながくれ,ありじごく,すなのちから,35,100,50,50,70,120,425
51,ダグトリオ(アローラのすがた),じめん,はがね,すながくれ,カーリーヘアー,すなのちから,35,100,60,50,70,110,425
52,ニャース,ノーマル,,ものひろい,テクニシャン,きんちょうかん,40,45,35,40,40,90,290
52,ニャース(アローラのすがた),あく,,ものひろい,テクニシャン,びびり,40,35,35,50,40,90,290
52,ニャース(ガラルのすがた),はがね,,ものひろい,かたいツメ,きんちょうかん,50,65,55,40,40,40,290
53,ペルシアン,ノーマル,,じゅうなん,テクニシャン,きんちょうかん,65,70,60,65,65,115,440
53,ペルシアン(アローラのすがた),あく,,ファーコート,テクニシャン,びびり,65,60,60,75,65,115,440
54,コダック,みず,,しめりけ,ノーてんき,すいすい,50,52,48,65,50,55,320
55,ゴルダック,みず,,しめりけ,ノーてんき,すいすい,80,82,78,95,80,85,500
56,マンキー,かくとう,,やるき,いかりのつぼ,まけんき,40,80,35,35,45,70,305
57,オコリザル,かくとう,,やるき,いかりのつぼ,まけんき,65,105,60,60,70,95,455
58,ガーディ,ほのお,,いかく,もらいび,せいぎのこころ,55,70,45,70,50,60,350
59,ウインディ,ほのお,,いかく,もらいび,せいぎのこころ,90,110,80,100,80,95,555
60,ニョロモ,みず,,ちょすい,しめりけ,すいすい,40,50,40,40,40,90,300
61,ニョロゾ,みず,,ちょすい,しめりけ,すいすい,65,65,65,50,50,90,385
62,ニョロボン,みず,かくとう,ちょすい,しめりけ,すいすい,90,95,95,70,90,70,510
63,ケーシィ,エスパー,,シンクロ,せいしんりょく,マジックガード,25,20,15,105,55,90,310
64,ユンゲラー,エスパー,,シンクロ,せいしんりょく,マジックガード,40,35,30,120,70,105,400
65,フーディン,エスパー,,シンクロ,せいしんりょく,マジックガード,55,50,45,135,95,120,500
65,メガフーディン,エスパー,,トレース,,,55,50,65,175,105,150,600
66,ワンリキー,かくとう,,こんじょう,ノーガード,ふくつのこころ,70,80,50,35,35,35,305
67,ゴーリキー,かくとう,,こんじょう,ノーガード,ふくつのこころ,80,100,70,50,60,45,405
68,カイリキー,かくとう,,こんじょう,ノーガード,ふくつのこころ,90,130,80,65,85,55,505
69,マダツボミ,くさ,どく,ようりょくそ,,くいしんぼう,50,75,35,70,30,40,300
70,ウツドン,くさ,どく,ようりょくそ,,くいしんぼう,65,90,50,85,45,55,390
71,ウツボット,くさ,どく,ようりょくそ,,くいしんぼう,80,105,65,100,70,70,490
72,メノクラゲ,みず,どく,クリアボディ,ヘドロえき,あめうけざら,40,40,35,50,100,70,335
73,ドククラゲ,みず,どく,クリアボディ,ヘドロえき,あめうけざら,80,70,65,80,120,100,515
74,イシツブテ,いわ,じめん,いしあたま,がんじょう,すながくれ,40,80,100,30,30,20,300
74,イシツブテ(アローラのすがた),いわ,でんき,じりょく,がんじょう,エレキスキン,40,80,100,30,30,20,300
75,ゴローン,いわ,じめん,いしあたま,がんじょう,すながくれ,55,95,115,45,45,35,390
75,ゴローン(アローラのすがた),いわ,でんき,じりょく,がんじょう,エレキスキン,55,95,115,45,45,35,390
76,ゴローニャ,いわ,じめん,いしあたま,がんじょう,すながくれ,80,120,130,55,65,45,495
76,ゴローニャ(アローラのすがた),いわ,でんき,じりょく,がんじょう,エレキスキン,80,120,130,55,65,45,495
77,ポニータ,ほのお,,にげあし,もらいび,ほのおのからだ,50,85,55,65,65,90,410
77,ポニータ(ガラルのすがた),エスパー,,にげあし,パステルベール,きけんよち,50,85,55,65,65,90,410
78,ギャロップ,ほのお,,にげあし,もらいび,ほのおのからだ,65,100,70,80,80,105,500
78,ギャロップ(ガラルのすがた),エスパー,フェアリー,にげあし,パステルベール,きけんよち,65,100,70,80,80,105,500
79,ヤドン,みず,エスパー,どんかん,マイペース,さいせいりょく,90,65,65,40,40,15,315
79,ヤドン(ガラルのすがた),エスパー,,くいしんぼう,マイペース,さいせいりょく,90,65,65,40,40,15,315
80,ヤドラン,みず,エスパー,どんかん,マイペース,さいせいりょく,95,75,110,100,80,30,490
80,メガヤドラン,みず,エスパー,シェルアーマー,,,95,75,180,130,80,30,590
80,ヤドラン(ガラルのすがた),どく,エスパー,クイックドロウ,マイペース,さいせいりょく,95,100,95,100,70,30,490
81,コイル,でんき,はがね,じりょく,がんじょう,アナライズ,25,35,70,95,55,45,325
82,レアコイル,でんき,はがね,じりょく,がんじょう,アナライズ,50,60,95,120,70,70,465
83,カモネギ,ノーマル,ひこう,するどいめ,せいしんりょく,まけんき,52,90,55,58,62,60,377
83,カモネギ(ガラルのすがた),かくとう,,ふくつのこころ,,きもったま,52,95,55,58,62,55,377
84,ドードー,ノーマル,ひこう,にげあし,はやおき,ちどりあし,35,85,45,35,35,75,310
85,ドードリオ,ノーマル,ひこう,にげあし,はやおき,ちどりあし,60,110,70,60,60,110,470
86,パウワウ,みず,,あついしぼう,うるおいボディ,アイスボディ,65,45,55,45,70,45,325
87,ジュゴン,みず,こおり,あついしぼう,うるおいボディ,アイスボディ,90,70,80,70,95,70,475
88,ベトベター,どく,,あくしゅう,ねんちゃく,どくしゅ,80,80,50,40,50,25,325
88,ベトベター(アローラのすがた),どく,あく,どくしゅ,くいしんぼう,かがくのちから,80,80,50,40,50,25,325
89,ベトベトン,どく,,あくしゅう,ねんちゃく,どくしゅ,105,105,75,65,100,50,500
89,ベトベトン(アローラのすがた),どく,あく,どくしゅ,くいしんぼう,かがくのちから,105,105,75,65,100,50,500
90,シェルダー,みず,,シェルアーマー,スキルリンク,ぼうじん,30,65,100,45,25,40,305
91,パルシェン,みず,こおり,シェルアーマー,スキルリンク,ぼうじん,50,95,180,85,45,70,525
92,ゴース,ゴースト,どく,ふゆう,,,30,35,30,100,35,80,310
93,ゴースト,ゴースト,どく,ふゆう,,,45,50,45,115,55,95,405
94,ゲンガー,ゴースト,どく,のろわれボディ,,,60,65,60,130,75,110,500
94,メガゲンガー,ゴースト,どく,かげふみ,,,60,65,80,170,95,130,600
95,イワーク,いわ,じめん,いしあたま,がんじょう,くだけるよろい,35,45,160,30,45,70,385
96,スリープ,エスパー,,ふみん,よちむ,せいしんりょく,60,48,45,43,90,42,328
97,スリーパー,エスパー,,ふみん,よちむ,せいしんりょく,85,73,70,73,115,67,483
98,クラブ,みず,,かいりきバサミ,シェルアーマー,ちからずく,30,105,90,25,25,50,325
99,キングラー,みず,,かいりきバサミ,シェルアーマー,ちからずく,55,130,115,50,50,75,475
100,ビリリダマ,でんき,,ぼうおん,せいでんき,ゆうばく,40,30,50,55,55,100,330
101,マルマイン,でんき,,ぼうおん,せいでんき,ゆうばく,60,50,70,80,80,150,490
102,タマタマ,くさ,エスパー,ようりょくそ,,しゅうかく,60,40,80,60,45,40,325
103,ナッシー,くさ,エスパー,ようりょくそ,,しゅうかく,95,95,85,125,75,55,530
103,ナッシー(アローラのすがた),くさ,ドラゴン,おみとおし,,しゅうかく,95,105,85,125,75,45,530
104,カラカラ,じめん,,いしあたま,ひらいしん,カブトアーマー,50,50,95,40,50,35,320
105,ガラガラ,じめん,,いしあたま,ひらいしん,カブトアーマー,60,80,110,50,80,45,425
105,ガラガラ(アローラのすがた),ほのお,ゴースト,のろわれボディ,ひらいしん,いしあたま,60,80,110,50,80,45,425
106,サワムラー,かくとう,,じゅうなん,すてみ,かるわざ,50,120,53,35,110,87,455
107,エビワラー,かくとう,,するどいめ,てつのこぶし,せいしんりょく,50,105,79,35,110,76,455
108,ベロリンガ,ノーマル,,マイペース,どんかん,ノーてんき,90,55,75,60,75,30,385
109,ドガース,どく,,ふゆう,かがくへんかガス,あくしゅう,40,65,95,60,45,35,340
110,マタドガス,どく,,ふゆう,かがくへんかガス,あくしゅう,65,90,120,85,70,60,490
110,マタドガス(ガラルのすがた),どく,フェアリー,ふゆう,かがくへんかガス,ミストメイカー,65,90,120,85,70,60,490
111,サイホーン,じめん,いわ,ひらいしん,いしあたま,すてみ,80,85,95,30,30,25,345
112,サイドン,じめん,いわ,ひらいしん,いしあたま,すてみ,105,130,120,45,45,40,485
113,ラッキー,ノーマル,,しぜんかいふく,てんのめぐみ,いやしのこころ,250,5,5,35,105,50,450
114,モンジャラ,くさ,,ようりょくそ,リーフガード,さいせいりょく,65,55,115,100,40,60,435
115,ガルーラ,ノーマル,,はやおき,きもったま,せいしんりょく,105,95,80,40,80,90,490
115,メガガルーラ,ノーマル,,おやこあい,,,105,125,100,60,100,100,590
116,タッツー,みず,,すいすい,スナイパー,しめりけ,30,40,70,70,25,60,295
117,シードラ,みず,,どくのトゲ,スナイパー,しめりけ,55,65,95,95,45,85,440
118,トサキント,みず,,すいすい,みずのベール,ひらいしん,45,67,60,35,50,63,320
119,アズマオウ,みず,,すいすい,みずのベール,ひらいしん,80,92,65,65,80,68,450
120,ヒトデマン,みず,,はっこう,しぜんかいふく,アナライズ,30,45,55,70,55,85,340
121,スターミー,みず,エスパー,はっこう,しぜんかいふく,アナライズ,60,75,85,100,85,115,520
122,バリヤード,エスパー,フェアリー,ぼうおん,フィルター,テクニシャン,40,45,65,100,120,90,460
122,バリヤード(ガラルのすがた),こおり,エスパー,やるき,バリアフリー,アイスボディ,50,65,65,90,90,100,460
123,ストライク,むし,ひこう,むしのしらせ,テクニシャン,ふくつのこころ,70,110,80,55,80,105,500
124,ルージュラ,こおり,エスパー,どんかん,よちむ,かんそうはだ,65,50,35,115,95,95,455
125,エレブー,でんき,,せいでんき,,やるき,65,83,57,95,85,105,490
126,ブーバー,ほのお,,ほのおのからだ,,やるき,65,95,57,100,85,93,495
127,カイロス,むし,,かいりきバサミ,かたやぶり,じしんかじょう,65,125,100,55,70,85,500
127,メガカイロス,むし,ひこう,スカイスキン,,,65,155,120,65,90,105,600
128,ケンタロス,ノーマル,,いかく,いかりのつぼ,ちからずく,75,100,95,40,70,110,490
129,コイキング,みず,,すいすい,,びびり,20,10,55,15,20,80,200
130,ギャラドス,みず,ひこう,いかく,,じしんかじょう,95,125,79,60,100,81,540
130,メガギャラドス,みず,あく,かたやぶり,,,95,155,109,70,130,81,640
131,ラプラス,みず,こおり,ちょすい,シェルアーマー,うるおいボディ,130,85,80,85,95,60,535
132,メタモン,ノーマル,,じゅうなん,,かわりもの,48,48,48,48,48,48,288
133,イーブイ,ノーマル,,にげあし,てきおうりょく,きけんよち,55,55,50,45,65,55,325
133,イーブイ(相棒),ノーマル,,,,,65,75,70,65,85,75,435
134,シャワーズ,みず,,ちょすい,,うるおいボディ,130,65,60,110,95,65,525
135,サンダース,でんき,,ちくでん,,はやあし,65,65,60,110,95,130,525
136,ブースター,ほのお,,もらいび,,こんじょう,65,130,60,95,110,65,525
137,ポリゴン,ノーマル,,トレース,ダウンロード,アナライズ,65,60,70,85,75,40,395
138,オムナイト,いわ,みず,すいすい,シェルアーマー,くだけるよろい,35,40,100,90,55,35,355
139,オムスター,いわ,みず,すいすい,シェルアーマー,くだけるよろい,70,60,125,115,70,55,495
140,カブト,いわ,みず,すいすい,カブトアーマー,くだけるよろい,30,80,90,55,45,55,355
141,カブトプス,いわ,みず,すいすい,カブトアーマー,くだけるよろい,60,115,105,65,70,80,495
142,プテラ,いわ,ひこう,いしあたま,プレッシャー,きんちょうかん,80,105,65,60,75,130,515
142,メガプテラ,いわ,ひこう,かたいツメ,,,80,135,85,70,95,150,615
143,カビゴン,ノーマル,,めんえき,あついしぼう,くいしんぼう,160,110,65,65,110,30,540
144,フリーザー,こおり,ひこう,プレッシャー,,ゆきがくれ,90,85,100,95,125,85,580
144,フリーザー(ガラルのすがた),エスパー,ひこう,かちき,,,90,85,85,125,100,95,580
145,サンダー,でんき,ひこう,プレッシャー,,せいでんき,90,90,85,125,90,100,580
145,サンダー(ガラルのすがた),かくとう,ひこう,まけんき,,,90,125,90,85,90,100,580
146,ファイヤー,ほのお,ひこう,プレッシャー,,ほのおのからだ,90,100,90,125,85,90,580
146,ファイヤー(ガラルのすがた),あく,ひこう,ぎゃくじょう,,,90,85,90,100,125,90,580
147,ミニリュウ,ドラゴン,,だっぴ,,ふしぎなうろこ,41,64,45,50,50,50,300
148,ハクリュー,ドラゴン,,だっぴ,,ふしぎなうろこ,61,84,65,70,70,70,420
149,カイリュー,ドラゴン,ひこう,せいしんりょく,,マルチスケイル,91,134,95,100,100,80,600
150,ミュウツー,エスパー,,プレッシャー,,きんちょうかん,106,110,90,154,90,130,680
150,メガミュウツーX,エスパー,かくとう,ふくつのこころ,,,106,190,100,154,100,130,780
150,メガミュウツーY,エスパー,,ふみん,,,106,150,70,194,120,140,780
151,ミュウ,エスパー,,シンクロ,,,100,100,100,100,100,100,600
152,チコリータ,くさ,,しんりょく,,リーフガード,45,49,65,49,65,45,318
153,ベイリーフ,くさ,,しんりょく,,リーフガード,60,62,80,63,80,60,405
154,メガニウム,くさ,,しんりょく,,リーフガード,80,82,100,83,100,80,525
155,ヒノアラシ,ほのお,,もうか,,もらいび,39,52,43,60,50,65,309
156,マグマラシ,ほのお,,もうか,,もらいび,58,64,58,80,65,80,405
157,バクフーン,ほのお,,もうか,,もらいび,78,84,78,109,85,100,534
158,ワニノコ,みず,,げきりゅう,,ちからずく,50,65,64,44,48,43,314
159,アリゲイツ,みず,,げきりゅう,,ちからずく,65,80,80,59,63,58,405
160,オーダイル,みず,,げきりゅう,,ちからずく,85,105,100,79,83,78,530
161,オタチ,ノーマル,,にげあし,するどいめ,おみとおし,35,46,34,35,45,20,215
162,オオタチ,ノーマル,,にげあし,するどいめ,おみとおし,85,76,64,45,55,90,415
163,ホーホー,ノーマル,ひこう,ふみん,するどいめ,いろめがね,60,30,30,36,56,50,262
164,ヨルノズク,ノーマル,ひこう,ふみん,するどいめ,いろめがね,100,50,50,86,96,70,452
165,レディバ,むし,ひこう,むしのしらせ,はやおき,びびり,40,20,30,40,80,55,265
166,レディアン,むし,ひこう,むしのしらせ,はやおき,てつのこぶし,55,35,50,55,110,85,390
167,イトマル,むし,どく,むしのしらせ,ふみん,スナイパー,40,60,40,40,40,30,250
168,アリアドス,むし,どく,むしのしらせ,ふみん,スナイパー,70,90,70,60,70,40,400
169,クロバット,どく,ひこう,せいしんりょく,,すりぬけ,85,90,80,70,80,130,535
170,チョンチー,みず,でんき,ちくでん,はっこう,ちょすい,75,38,38,56,56,67,330
171,ランターン,みず,でんき,ちくでん,はっこう,ちょすい,125,58,58,76,76,67,460
172,ピチュー,でんき,,せいでんき,,ひらいしん,20,40,15,35,35,60,205
173,ピィ,フェアリー,,メロメロボディ,マジックガード,フレンドガード,50,25,28,45,55,15,218
174,ププリン,ノーマル,フェアリー,メロメロボディ,かちき,フレンドガード,90,30,15,40,20,15,210
175,トゲピー,フェアリー,,はりきり,てんのめぐみ,きょううん,35,20,65,40,65,20,245
176,トゲチック,フェアリー,ひこう,はりきり,てんのめぐみ,きょううん,55,40,85,80,105,40,405
177,ネイティ,エスパー,ひこう,シンクロ,はやおき,マジックミラー,40,50,45,70,45,70,320
178,ネイティオ,エスパー,ひこう,シンクロ,はやおき,マジックミラー,65,75,70,95,70,95,470
179,メリープ,でんき,,せいでんき,,プラス,55,40,40,65,45,35,280
180,モココ,でんき,,せいでんき,,プラス,70,55,55,80,60,45,365
181,デンリュウ,でんき,,せいでんき,,プラス,90,75,85,115,90,55,510
181,メガデンリュウ,でんき,ドラゴン,かたやぶり,,,90,95,105,165,110,45,610
182,キレイハナ,くさ,,ようりょくそ,,いやしのこころ,75,80,95,90,100,50,490
183,マリル,みず,フェアリー,あついしぼう,ちからもち,そうしょく,70,20,50,20,50,40,250
184,マリルリ,みず,フェアリー,あついしぼう,ちからもち,そうしょく,100,50,80,60,80,50,420
185,ウソッキー,いわ,,がんじょう,いしあたま,びびり,70,100,115,30,65,30,410
186,ニョロトノ,みず,,ちょすい,しめりけ,あめふらし,90,75,75,90,100,70,500
187,ハネッコ,くさ,ひこう,ようりょくそ,リーフガード,すりぬけ,35,35,40,35,55,50,250
188,ポポッコ,くさ,ひこう,ようりょくそ,リーフガード,すりぬけ,55,45,50,45,65,80,340
189,ワタッコ,くさ,ひこう,ようりょくそ,リーフガード,すりぬけ,75,55,70,55,95,110,460
190,エイパム,ノーマル,,にげあし,ものひろい,スキルリンク,55,70,55,40,55,85,360
191,ヒマナッツ,くさ,,ようりょくそ,サンパワー,はやおき,30,30,30,30,30,30,180
192,キマワリ,くさ,,ようりょくそ,サンパワー,はやおき,75,75,55,105,85,30,425
193,ヤンヤンマ,むし,ひこう,かそく,ふくがん,おみとおし,65,65,45,75,45,95,390
194,ウパー,みず,じめん,しめりけ,ちょすい,てんねん,55,45,45,25,25,15,210
195,ヌオー,みず,じめん,しめりけ,ちょすい,てんねん,95,85,85,65,65,35,430
196,エーフィ,エスパー,,シンクロ,,マジックミラー,65,65,60,130,95,110,525
197,ブラッキー,あく,,シンクロ,,せいしんりょく,95,65,110,60,130,65,525
198,ヤミカラス,あく,ひこう,ふみん,きょううん,いたずらごころ,60,85,42,85,42,91,405
199,ヤドキング,みず,エスパー,どんかん,マイペース,さいせいりょく,95,75,80,100,110,30,490
199,ヤドキング(ガラルのすがた),どく,エスパー,きみょうなくすり,マイペース,さいせいりょく,95,65,80,110,110,30,490
200,ムウマ,ゴースト,,ふゆう,,,60,60,60,85,85,85,435
201,アンノーン,エスパー,,ふゆう,,,48,72,48,72,48,48,336
202,ソーナンス,エスパー,,かげふみ,,テレパシー,190,33,58,33,58,33,405
203,キリンリキ,ノーマル,エスパー,せいしんりょく,はやおき,そうしょく,70,80,65,90,65,85,455
204,クヌギダマ,むし,,がんじょう,,ぼうじん,50,65,90,35,35,15,290
205,フォレトス,むし,はがね,がんじょう,,ぼうじん,75,90,140,60,60,40,465
206,ノコッチ,ノーマル,,てんのめぐみ,にげあし,びびり,100,70,70,65,65,45,415
207,グライガー,じめん,ひこう,かいりきバサミ,すながくれ,めんえき,65,75,105,35,65,85,430
208,ハガネール,はがね,じめん,いしあたま,がんじょう,ちからずく,75,85,200,55,65,30,510
208,メガハガネール,はがね,じめん,すなのちから,,,75,125,230,55,95,30,610
209,ブルー,フェアリー,,いかく,にげあし,びびり,60,80,50,40,40,30,300
210,グランブル,フェアリー,,いかく,はやあし,びびり,90,120,75,60,60,45,450
211,ハリーセン,みず,どく,どくのトゲ,すいすい,いかく,65,95,85,55,55,85,440
212,ハッサム,むし,はがね,むしのしらせ,テクニシャン,ライトメタル,70,130,100,55,80,65,500
212,メガハッサム,むし,はがね,テクニシャン,,,70,150,140,65,100,75,600
213,ツボツボ,むし,いわ,がんじょう,くいしんぼう,あまのじゃく,20,10,230,10,230,5,505
214,ヘラクロス,むし,かくとう,むしのしらせ,こんじょう,じしんかじょう,80,125,75,40,95,85,500
214,メガヘラクロス,むし,かくとう,スキルリンク,,,80,185,115,40,105,75,600
215,ニューラ,あく,こおり,せいしんりょく,するどいめ,わるいてぐせ,55,95,55,35,75,115,430
216,ヒメグマ,ノーマル,,ものひろい,はやあし,みつあつめ,60,80,50,50,50,40,330
217,リングマ,ノーマル,,こんじょう,はやあし,きんちょうかん,90,130,75,75,75,55,500
218,マグマッグ,ほのお,,マグマのよろい,ほのおのからだ,くだけるよろい,40,40,40,70,40,20,250
219,マグカルゴ,ほのお,いわ,マグマのよろい,ほのおのからだ,くだけるよろい,60,50,120,90,80,30,430
220,ウリムー,こおり,じめん,どんかん,ゆきがくれ,あついしぼう,50,50,40,30,30,50,250
221,イノムー,こおり,じめん,どんかん,ゆきがくれ,あついしぼう,100,100,80,60,60,50,450
222,サニーゴ,みず,いわ,はりきり,しぜんかいふく,さいせいりょく,65,55,95,65,95,35,410
222,サニーゴ(ガラルのすがた),ゴースト,,くだけるよろい,,のろわれボディ,60,55,100,65,100,30,410
223,テッポウオ,みず,,はりきり,スナイパー,ムラっけ,35,65,35,65,35,65,300
224,オクタン,みず,,きゅうばん,スナイパー,ムラっけ,75,105,75,105,75,45,480
225,デリバード,こおり,ひこう,やるき,はりきり,ふみん,45,55,45,65,45,75,330
226,マンタイン,みず,ひこう,すいすい,ちょすい,みずのベール,85,40,70,80,140,70,485
227,エアームド,はがね,ひこう,するどいめ,がんじょう,くだけるよろい,65,80,140,40,70,70,465
228,デルビル,あく,ほのお,はやおき,もらいび,きんちょうかん,45,60,30,80,50,65,330
229,ヘルガー,あく,ほのお,はやおき,もらいび,きんちょうかん,75,90,50,110,80,95,500
229,メガヘルガー,あく,ほのお,サンパワー,,,75,90,90,140,90,115,600
230,キングドラ,みず,ドラゴン,すいすい,スナイパー,しめりけ,75,95,95,95,95,85,540
231,ゴマゾウ,じめん,,ものひろい,,すながくれ,90,60,60,40,40,40,330
232,ドンファン,じめん,,がんじょう,,すながくれ,90,120,120,60,60,50,500
233,ポリゴン2,ノーマル,,トレース,ダウンロード,アナライズ,85,80,90,105,95,60,515
234,オドシシ,ノーマル,,いかく,おみとおし,そうしょく,73,95,62,85,65,85,465
235,ドーブル,ノーマル,,マイペース,テクニシャン,ムラっけ,55,20,35,20,45,75,250
236,バルキー,かくとう,,こんじょう,ふくつのこころ,やるき,35,35,35,35,35,35,210
237,カポエラー,かくとう,,いかく,テクニシャン,ふくつのこころ,50,95,95,35,110,70,455
238,ムチュール,こおり,エスパー,どんかん,よちむ,うるおいボディ,45,30,15,85,65,65,305
239,エレキッド,でんき,,せいでんき,,やるき,45,63,37,65,55,95,360
240,ブビィ,ほのお,,ほのおのからだ,,やるき,45,75,37,70,55,83,365
241,ミルタンク,ノーマル,,あついしぼう,きもったま,そうしょく,95,80,105,40,70,100,490
242,ハピナス,ノーマル,,しぜんかいふく,てんのめぐみ,いやしのこころ,255,10,10,75,135,55,540
243,ライコウ,でんき,,プレッシャー,,せいしんりょく,90,85,75,115,100,115,580
244,エンテイ,ほのお,,プレッシャー,,せいしんりょく,115,115,85,90,75,100,580
245,スイクン,みず,,プレッシャー,,せいしんりょく,100,75,115,90,115,85,580
246,ヨーギラス,いわ,じめん,こんじょう,,すながくれ,50,64,50,45,50,41,300
247,サナギラス,いわ,じめん,だっぴ,,,70,84,70,65,70,51,410
248,バンギラス,いわ,あく,すなおこし,,きんちょうかん,100,134,110,95,100,61,600
248,メガバンギラス,いわ,あく,すなおこし,,,100,164,150,95,120,71,700
249,ルギア,エスパー,ひこう,プレッシャー,,マルチスケイル,106,90,130,90,154,110,680
250,ホウオウ,ほのお,ひこう,プレッシャー,,さいせいりょく,106,130,90,110,154,90,680
251,セレビィ,エスパー,くさ,しぜんかいふく,,,100,100,100,100,100,100,600
252,キモリ,くさ,,しんりょく,,かるわざ,40,45,35,65,55,70,310
253,ジュプトル,くさ,,しんりょく,,かるわざ,50,65,45,85,65,95,405
254,ジュカイン,くさ,,しんりょく,,かるわざ,70,85,65,105,85,120,530
254,メガジュカイン,くさ,ドラゴン,ひらいしん,,,70,110,75,145,85,145,630
255,アチャモ,ほのお,,もうか,,かそく,45,60,40,70,50,45,310
256,ワカシャモ,ほのお,かくとう,もうか,,かそく,60,85,60,85,60,55,405
257,バシャーモ,ほのお,かくとう,もうか,,かそく,80,120,70,110,70,80,530
257,メガバシャーモ,ほのお,かくとう,かそく,,,80,160,80,130,80,100,630
258,ミズゴロウ,みず,,げきりゅう,,しめりけ,50,70,50,50,50,40,310
259,ヌマクロー,みず,じめん,げきりゅう,,しめりけ,70,85,70,60,70,50,405
260,ラグラージ,みず,じめん,げきりゅう,,しめりけ,100,110,90,85,90,60,535
260,メガラグラージ,みず,じめん,すいすい,,,100,150,110,95,110,70,635
261,ポチエナ,あく,,にげあし,はやあし,びびり,35,55,35,30,30,35,220
262,グラエナ,あく,,いかく,はやあし,じしんかじょう,70,90,70,60,60,70,420
263,ジグザグマ,ノーマル,,ものひろい,くいしんぼう,はやあし,38,30,41,30,41,60,240
263,ジグザグマ(ガラルのすがた),あく,ノーマル,ものひろい,くいしんぼう,はやあし,38,30,41,30,41,60,240
264,マッスグマ,ノーマル,,ものひろい,くいしんぼう,はやあし,78,70,61,50,61,100,420
264,マッスグマ(ガラルのすがた),あく,ノーマル,ものひろい,くいしんぼう,はやあし,78,70,61,50,61,100,420
265,ケムッソ,むし,,りんぷん,,にげあし,45,45,35,20,30,20,195
266,カラサリス,むし,,だっぴ,,,50,35,55,25,25,15,205
267,アゲハント,むし,ひこう,むしのしらせ,,とうそうしん,60,70,50,100,50,65,395
268,マユルド,むし,,だっぴ,,,50,35,55,25,25,15,205
269,ドクケイル,むし,どく,りんぷん,,ふくがん,60,50,70,50,90,65,385
270,ハスボー,みず,くさ,すいすい,あめうけざら,マイペース,40,30,30,40,50,30,220
271,ハスブレロ,みず,くさ,すいすい,あめうけざら,マイペース,60,50,50,60,70,50,340
272,ルンパッパ,みず,くさ,すいすい,あめうけざら,マイペース,80,70,70,90,100,70,480
273,タネボー,くさ,,ようりょくそ,はやおき,わるいてぐせ,40,40,50,30,30,30,220
274,コノハナ,くさ,あく,ようりょくそ,はやおき,わるいてぐせ,70,70,40,60,40,60,340
275,ダーテング,くさ,あく,ようりょくそ,はやおき,わるいてぐせ,90,100,60,90,60,80,480
276,スバメ,ノーマル,ひこう,こんじょう,,きもったま,40,55,30,30,30,85,270
277,オオスバメ,ノーマル,ひこう,こんじょう,,きもったま,60,85,60,75,50,125,455
278,キャモメ,みず,ひこう,するどいめ,うるおいボディ,あめうけざら,40,30,30,55,30,85,270
279,ペリッパー,みず,ひこう,するどいめ,あめふらし,あめうけざら,60,50,100,95,70,65,440
280,ラルトス,エスパー,フェアリー,シンクロ,トレース,テレパシー,28,25,25,45,35,40,198
281,キルリア,エスパー,フェアリー,シンクロ,トレース,テレパシー,38,35,35,65,55,50,278
282,サーナイト,エスパー,フェアリー,シンクロ,トレース,テレパシー,68,65,65,125,115,80,518
282,メガサーナイト,エスパー,フェアリー,フェアリースキン,,,68,85,65,165,135,100,618
283,アメタマ,むし,みず,すいすい,,あめうけざら,40,30,32,50,52,65,269
284,アメモース,むし,ひこう,いかく,,きんちょうかん,70,60,62,100,82,80,454
285,キノココ,くさ,,ほうし,ポイズンヒール,はやあし,60,40,60,40,60,35,295
286,キノガッサ,くさ,かくとう,ほうし,ポイズンヒール,テクニシャン,60,130,80,60,60,70,460
287,ナマケロ,ノーマル,,なまけ,,,60,60,60,35,35,30,280
288,ヤルキモノ,ノーマル,,やるき,,,80,80,80,55,55,90,440
289,ケッキング,ノーマル,,なまけ,,,150,160,100,95,65,100,670
290,ツチニン,むし,じめん,ふくがん,,にげあし,31,45,90,30,30,40,266
291,テッカニン,むし,ひこう,かそく,,すりぬけ,61,90,45,50,50,160,456
292,ヌケニン,むし,ゴースト,ふしぎなまもり,,,1,90,45,30,30,40,236
293,ゴニョニョ,ノーマル,,ぼうおん,,びびり,64,51,23,51,23,28,240
294,ドゴーム,ノーマル,,ぼうおん,,きもったま,84,71,43,71,43,48,360
295,バクオング,ノーマル,,ぼうおん,,きもったま,104,91,63,91,73,68,490
296,マクノシタ,かくとう,,あついしぼう,こんじょう,ちからずく,72,60,30,20,30,25,237
297,ハリテヤマ,かくとう,,あついしぼう,こんじょう,ちからずく,144,120,60,40,60,50,474
298,ルリリ,ノーマル,フェアリー,あついしぼう,ちからもち,そうしょく,50,20,40,20,40,20,190
299,ノズパス,いわ,,がんじょう,じりょく,すなのちから,30,45,135,45,90,30,375
300,エネコ,ノーマル,,メロメロボディ,ノーマルスキン,ミラクルスキン,50,45,45,35,35,50,260
301,エネコロロ,ノーマル,,メロメロボディ,ノーマルスキン,ミラクルスキン,70,65,65,55,55,90,400
302,ヤミラミ,あく,ゴースト,するどいめ,あとだし,いたずらごころ,50,75,75,65,65,50,380
302,メガヤミラミ,あく,ゴースト,マジックミラー,,,50,85,125,85,115,20,480
303,クチート,はがね,フェアリー,かいりきバサミ,いかく,ちからずく,50,85,85,55,55,50,380
303,メガクチート,はがね,フェアリー,ちからもち,,,50,105,125,55,95,50,480
304,ココドラ,はがね,いわ,がんじょう,いしあたま,ヘヴィメタル,50,70,100,40,40,30,330
305,コドラ,はがね,いわ,がんじょう,いしあたま,ヘヴィメタル,60,90,140,50,50,40,430
306,ボスゴドラ,はがね,いわ,がんじょう,いしあたま,ヘヴィメタル,70,110,180,60,60,50,530
306,メガボスゴドラ,はがね,,フィルター,,,70,140,230,60,80,50,630
307,アサナン,かくとう,エスパー,ヨガパワー,,テレパシー,30,40,55,40,55,60,280
308,チャーレム,かくとう,エスパー,ヨガパワー,,テレパシー,60,60,75,60,75,80,410
308,メガチャーレム,かくとう,エスパー,ヨガパワー,,,60,100,85,80,85,100,510
309,ラクライ,でんき,,せいでんき,ひらいしん,マイナス,40,45,40,65,40,65,295
310,ライボルト,でんき,,せいでんき,ひらいしん,マイナス,70,75,60,105,60,105,475
310,メガライボルト,でんき,,いかく,,,70,75,80,135,80,135,575
311,プラスル,でんき,,プラス,,ひらいしん,60,50,40,85,75,95,405
312,マイナン,でんき,,マイナス,,ちくでん,60,40,50,75,85,95,405
313,バルビート,むし,,はっこう,むしのしらせ,いたずらごころ,65,73,75,47,85,85,430
314,イルミーゼ,むし,,どんかん,いろめがね,いたずらごころ,65,47,75,73,85,85,430
315,ロゼリア,くさ,どく,しぜんかいふく,どくのトゲ,リーフガード,50,60,45,100,80,65,400
316,ゴクリン,どく,,ヘドロえき,ねんちゃく,くいしんぼう,70,43,53,43,53,40,302
317,マルノーム,どく,,ヘドロえき,ねんちゃく,くいしんぼう,100,73,83,73,83,55,467
318,キバニア,みず,あく,さめはだ,,かそく,45,90,20,65,20,65,305
319,サメハダー,みず,あく,さめはだ,,かそく,70,120,40,95,40,95,460
319,メガサメハダー,みず,あく,がんじょうあご,,,70,140,70,110,65,105,560
320,ホエルコ,みず,,みずのベール,どんかん,プレッシャー,130,70,35,70,35,60,400
321,ホエルオー,みず,,みずのベール,どんかん,プレッシャー,170,90,45,90,45,60,500
322,ドンメル,ほのお,じめん,どんかん,たんじゅん,マイペース,60,60,40,65,45,35,305
323,バクーダ,ほのお,じめん,マグマのよろい,ハードロック,いかりのつぼ,70,100,70,105,75,40,460
323,メガバクーダ,ほのお,じめん,ちからずく,,,70,120,100,145,105,20,560
324,コータス,ほのお,,しろいけむり,ひでり,シェルアーマー,70,85,140,85,70,20,470
325,バネブー,エスパー,,あついしぼう,マイペース,くいしんぼう,60,25,35,70,80,60,330
326,ブーピッグ,エスパー,,あついしぼう,マイペース,くいしんぼう,80,45,65,90,110,80,470
327,パッチール,ノーマル,,マイペース,ちどりあし,あまのじゃく,60,60,60,60,60,60,360
328,ナックラー,じめん,,かいりきバサミ,ありじごく,ちからずく,45,100,45,45,45,10,290
329,ビブラーバ,じめん,ドラゴン,ふゆう,,,50,70,50,50,50,70,340
330,フライゴン,じめん,ドラゴン,ふゆう,,,80,100,80,80,80,100,520
331,サボネア,くさ,,すながくれ,,ちょすい,50,85,40,85,40,35,335
332,ノクタス,くさ,あく,すながくれ,,ちょすい,70,115,60,115,60,55,475
333,チルット,ノーマル,ひこう,しぜんかいふく,,ノーてんき,45,40,60,40,75,50,310
334,チルタリス,ドラゴン,ひこう,しぜんかいふく,,ノーてんき,75,70,90,70,105,80,490
334,メガチルタリス,ドラゴン,フェアリー,フェアリースキン,,,75,110,110,110,105,80,590
335,ザングース,ノーマル,,めんえき,,どくぼうそう,73,115,60,60,60,90,458
336,ハブネーク,どく,,だっぴ,,すりぬけ,73,100,60,100,60,65,458
337,ルナトーン,いわ,エスパー,ふゆう,,,90,55,65,95,85,70,460
338,ソルロック,いわ,エスパー,ふゆう,,,90,95,85,55,65,70,460
339,ドジョッチ,みず,じめん,どんかん,きけんよち,うるおいボディ,50,48,43,46,41,60,288
340,ナマズン,みず,じめん,どんかん,きけんよち,うるおいボディ,110,78,73,76,71,60,468
341,ヘイガニ,みず,,かいりきバサミ,シェルアーマー,てきおうりょく,43,80,65,50,35,35,308
342,シザリガー,みず,あく,かいりきバサミ,シェルアーマー,てきおうりょく,63,120,85,90,55,55,468
343,ヤジロン,じめん,エスパー,ふゆう,,,40,40,55,40,70,55,300
344,ネンドール,じめん,エスパー,ふゆう,,,60,70,105,70,120,75,500
345,リリーラ,いわ,くさ,きゅうばん,,よびみず,66,41,77,61,87,23,355
346,ユレイドル,いわ,くさ,きゅうばん,,よびみず,86,81,97,81,107,43,495
347,アノプス,いわ,むし,カブトアーマー,,すいすい,45,95,50,40,50,75,355
348,アーマルド,いわ,むし,カブトアーマー,,すいすい,75,125,100,70,80,45,495
349,ヒンバス,みず,,すいすい,どんかん,てきおうりょく,20,15,20,10,55,80,200
350,ミロカロス,みず,,ふしぎなうろこ,かちき,メロメロボディ,95,60,79,100,125,81,540
351,ポワルン,ノーマル,,てんきや,,,70,70,70,70,70,70,420
352,カクレオン,ノーマル,,へんしょく,,へんげんじざい,60,90,70,60,120,40,440
353,カゲボウズ,ゴースト,,ふみん,おみとおし,のろわれボディ,44,75,35,63,33,45,295
354,ジュペッタ,ゴースト,,ふみん,おみとおし,のろわれボディ,64,115,65,83,63,65,455
354,メガジュペッタ,ゴースト,,いたずらごころ,,,64,165,75,93,83,75,555
355,ヨマワル,ゴースト,,ふゆう,,おみとおし,20,40,90,30,90,25,295
356,サマヨール,ゴースト,,プレッシャー,,おみとおし,40,70,130,60,130,25,455
357,トロピウス,くさ,ひこう,ようりょくそ,サンパワー,しゅうかく,99,68,83,72,87,51,460
358,チリーン,エスパー,,ふゆう,,,75,50,80,95,90,65,455
359,アブソル,あく,,プレッシャー,きょううん,せいぎのこころ,65,130,60,75,60,75,465
359,メガアブソル,あく,,マジックミラー,,,65,150,60,115,60,115,565
360,ソーナノ,エスパー,,かげふみ,,テレパシー,95,23,48,23,48,23,260
361,ユキワラシ,こおり,,せいしんりょく,アイスボディ,ムラっけ,50,50,50,50,50,50,300
362,オニゴーリ,こおり,,せいしんりょく,アイスボディ,ムラっけ,80,80,80,80,80,80,480
362,メガオニゴーリ,こおり,,フリーズスキン,,,80,120,80,120,80,100,580
363,タマザラシ,こおり,みず,あついしぼう,アイスボディ,どんかん,70,40,50,55,50,25,290
364,トドグラー,こおり,みず,あついしぼう,アイスボディ,どんかん,90,60,70,75,70,45,410
365,トドゼルガ,こおり,みず,あついしぼう,アイスボディ,どんかん,110,80,90,95,90,65,530
366,パールル,みず,,シェルアーマー,,びびり,35,64,85,74,55,32,345
367,ハンテール,みず,,すいすい,,みずのベール,55,104,105,94,75,52,485
368,サクラビス,みず,,すいすい,,うるおいボディ,55,84,105,114,75,52,485
369,ジーランス,みず,いわ,すいすい,いしあたま,がんじょう,100,90,130,45,65,55,485
370,ラブカス,みず,,すいすい,,うるおいボディ,43,30,55,40,65,97,330
371,タツベイ,ドラゴン,,いしあたま,,ちからずく,45,75,60,40,30,50,300
372,コモルー,ドラゴン,,いしあたま,,ぼうじん,65,95,100,60,50,50,420
373,ボーマンダ,ドラゴン,ひこう,いかく,,じしんかじょう,95,135,80,110,80,100,600
373,メガボーマンダ,ドラゴン,ひこう,スカイスキン,,,95,145,130,120,90,120,700
374,ダンバル,はがね,エスパー,クリアボディ,,ライトメタル,40,55,80,35,60,30,300
375,メタング,はがね,エスパー,クリアボディ,,ライトメタル,60,75,100,55,80,50,420
376,メタグロス,はがね,エスパー,クリアボディ,,ライトメタル,80,135,130,95,90,70,600
376,メガメタグロス,はがね,エスパー,かたいツメ,,,80,145,150,105,110,110,700
377,レジロック,いわ,,クリアボディ,,がんじょう,80,100,200,50,100,50,580
378,レジアイス,こおり,,クリアボディ,,アイスボディ,80,50,100,100,200,50,580
379,レジスチル,はがね,,クリアボディ,,ライトメタル,80,75,150,75,150,50,580
380,ラティアス,ドラゴン,エスパー,ふゆう,,,80,80,90,110,130,110,600
380,メガラティアス,ドラゴン,エスパー,ふゆう,,,80,100,120,140,150,110,700
381,ラティオス,ドラゴン,エスパー,ふゆう,,,80,90,80,130,110,110,600
381,メガラティオス,ドラゴン,エスパー,ふゆう,,,80,130,100,160,120,110,700
382,カイオーガ,みず,,あめふらし,,,100,100,90,150,140,90,670
382,ゲンシカイオーガ,みず,,はじまりのうみ,,,100,150,90,180,160,90,770
383,グラードン,じめん,,ひでり,,,100,150,140,100,90,90,670
383,ゲンシグラードン,じめん,ほのお,おわりのだいち,,,100,180,160,150,90,90,770
384,レックウザ,ドラゴン,ひこう,エアロック,,,105,150,90,150,90,95,680
384,メガレックウザ,ドラゴン,ひこう,デルタストリーム,,,105,180,100,180,100,115,780
385,ジラーチ,はがね,エスパー,てんのめぐみ,,,100,100,100,100,100,100,600
386,デオキシス(ノーマルフォルム),エスパー,,プレッシャー,,,50,150,50,150,50,150,600
386,デオキシス(アタックフォルム),エスパー,,プレッシャー,,,50,180,20,180,20,150,600
386,デオキシス(ディフェンスフォルム),エスパー,,プレッシャー,,,50,70,160,70,160,90,600
386,デオキシス(スピードフォルム),エスパー,,プレッシャー,,,50,95,90,95,90,180,600
387,ナエトル,くさ,,しんりょく,,シェルアーマー,55,68,64,45,55,31,318
388,ハヤシガメ,くさ,,しんりょく,,シェルアーマー,75,89,85,55,65,36,405
389,ドダイトス,くさ,じめん,しんりょく,,シェルアーマー,95,109,105,75,85,56,525
390,ヒコザル,ほのお,,もうか,,てつのこぶし,44,58,44,58,44,61,309
391,モウカザル,ほのお,かくとう,もうか,,てつのこぶし,64,78,52,78,52,81,405
392,ゴウカザル,ほのお,かくとう,もうか,,てつのこぶし,76,104,71,104,71,108,534
393,ポッチャマ,みず,,げきりゅう,,まけんき,53,51,53,61,56,40,314
394,ポッタイシ,みず,,げきりゅう,,まけんき,64,66,68,81,76,50,405
395,エンペルト,みず,はがね,げきりゅう,,まけんき,84,86,88,111,101,60,530
396,ムックル,ノーマル,ひこう,するどいめ,,すてみ,40,55,30,30,30,60,245
397,ムクバード,ノーマル,ひこう,いかく,,すてみ,55,75,50,40,40,80,340
398,ムクホーク,ノーマル,ひこう,いかく,,すてみ,85,120,70,50,60,100,485
399,ビッパ,ノーマル,,たんじゅん,てんねん,ムラっけ,59,45,40,35,40,31,250
400,ビーダル,ノーマル,みず,たんじゅん,てんねん,ムラっけ,79,85,60,55,60,71,410
401,コロボーシ,むし,,だっぴ,,にげあし,37,25,41,25,41,25,194
402,コロトック,むし,,むしのしらせ,,テクニシャン,77,85,51,55,51,65,384
403,コリンク,でんき,,とうそうしん,いかく,こんじょう,45,65,34,40,34,45,263
404,ルクシオ,でんき,,とうそうしん,いかく,こんじょう,60,85,49,60,49,60,363
405,レントラー,でんき,,とうそうしん,いかく,こんじょう,80,120,79,95,79,70,523
406,スボミー,くさ,どく,しぜんかいふく,どくのトゲ,リーフガード,40,30,35,50,70,55,280
407,ロズレイド,くさ,どく,しぜんかいふく,どくのトゲ,テクニシャン,60,70,65,125,105,90,515
408,ズガイドス,いわ,,かたやぶり,,ちからずく,67,125,40,30,30,58,350
409,ラムパルド,いわ,,かたやぶり,,ちからずく,97,165,60,65,50,58,495
410,タテトプス,いわ,はがね,がんじょう,,ぼうおん,30,42,118,42,88,30,350
411,トリデプス,いわ,はがね,がんじょう,,ぼうおん,60,52,168,47,138,30,495
412,ミノムッチ,むし,,だっぴ,,ぼうじん,40,29,45,29,45,36,224
413,ミノマダム(くさきのミノ),むし,くさ,きけんよち,,ぼうじん,60,59,85,79,105,36,424
413,ミノマダム(すなちのミノ),むし,じめん,きけんよち,,ぼうじん,60,79,105,59,85,36,424
413,ミノマダム(ゴミのミノ),むし,はがね,きけんよち,,ぼうじん,60,69,95,69,95,36,424
414,ガーメイル,むし,ひこう,むしのしらせ,,いろめがね,70,94,50,94,50,66,424
415,ミツハニー,むし,ひこう,みつあつめ,,はりきり,30,30,42,30,42,70,244
416,ビークイン,むし,ひこう,プレッシャー,,きんちょうかん,70,80,102,80,102,40,474
417,パチリス,でんき,,にげあし,ものひろい,ちくでん,60,45,70,45,90,95,405
418,ブイゼル,みず,,すいすい,,みずのベール,55,65,35,60,30,85,330
419,フローゼル,みず,,すいすい,,みずのベール,85,105,55,85,50,115,495
420,チェリンボ,くさ,,ようりょくそ,,,45,35,45,62,53,35,275
421,チェリム,くさ,,フラワーギフト,,,70,60,70,87,78,85,450
422,カラナクシ,みず,,ねんちゃく,よびみず,すなのちから,76,48,48,57,62,34,325
423,トリトドン,みず,じめん,ねんちゃく,よびみず,すなのちから,111,83,68,92,82,39,475
424,エテボース,ノーマル,,テクニシャン,ものひろい,スキルリンク,75,100,66,60,66,115,482
425,フワンテ,ゴースト,ひこう,ゆうばく,かるわざ,ねつぼうそう,90,50,34,60,44,70,348
426,フワライド,ゴースト,ひこう,ゆうばく,かるわざ,ねつぼうそう,150,80,44,90,54,80,498
427,ミミロル,ノーマル,,にげあし,ぶきよう,じゅうなん,55,66,44,44,56,85,350
428,ミミロップ,ノーマル,,メロメロボディ,ぶきよう,じゅうなん,65,76,84,54,96,105,480
428,メガミミロップ,ノーマル,かくとう,きもったま,,,65,136,94,54,96,135,580
429,ムウマージ,ゴースト,,ふゆう,,,60,60,60,105,105,105,495
430,ドンカラス,あく,ひこう,ふみん,きょううん,じしんかじょう,100,125,52,105,52,71,505
431,ニャルマー,ノーマル,,じゅうなん,マイペース,するどいめ,49,55,42,42,37,85,310
432,ブニャット,ノーマル,,あついしぼう,マイペース,まけんき,71,82,64,64,59,112,452
433,リーシャン,エスパー,,ふゆう,,,45,30,50,65,50,45,285
434,スカンプー,どく,あく,あくしゅう,ゆうばく,するどいめ,63,63,47,41,41,74,329
435,スカタンク,どく,あく,あくしゅう,ゆうばく,するどいめ,103,93,67,71,61,84,479
436,ドーミラー,はがね,エスパー,ふゆう,たいねつ,ヘヴィメタル,57,24,86,24,86,23,300
437,ドータクン,はがね,エスパー,ふゆう,たいねつ,ヘヴィメタル,67,89,116,79,116,33,500
438,ウソハチ,いわ,,がんじょう,いしあたま,びびり,50,80,95,10,45,10,290
439,マネネ,エスパー,フェアリー,ぼうおん,フィルター,テクニシャン,20,25,45,70,90,60,310
440,ピンプク,ノーマル,,しぜんかいふく,てんのめぐみ,フレンドガード,100,5,5,15,65,30,220
441,ペラップ,ノーマル,ひこう,するどいめ,ちどりあし,はとむね,76,65,45,92,42,91,411
442,ミカルゲ,ゴースト,あく,プレッシャー,,すりぬけ,50,92,108,92,108,35,485
443,フカマル,ドラゴン,じめん,すながくれ,,さめはだ,58,70,45,40,45,42,300
444,ガバイト,ドラゴン,じめん,すながくれ,,さめはだ,68,90,65,50,55,82,410
445,ガブリアス,ドラゴン,じめん,すながくれ,,さめはだ,108,130,95,80,85,102,600
445,メガガブリアス,ドラゴン,じめん,すなのちから,,,108,170,115,120,95,92,700
446,ゴンベ,ノーマル,,ものひろい,あついしぼう,くいしんぼう,135,85,40,40,85,5,390
447,リオル,かくとう,,ふくつのこころ,せいしんりょく,いたずらごころ,40,70,40,35,40,60,285
448,ルカリオ,かくとう,はがね,ふくつのこころ,せいしんりょく,せいぎのこころ,70,110,70,115,70,90,525
448,メガルカリオ,かくとう,はがね,てきおうりょく,,,70,145,88,140,70,112,625
449,ヒポポタス,じめん,,すなおこし,,すなのちから,68,72,78,38,42,32,330
450,カバルドン,じめん,,すなおこし,,すなのちから,108,112,118,68,72,47,525
451,スコルピ,どく,むし,カブトアーマー,スナイパー,するどいめ,40,50,90,30,55,65,330
452,ドラピオン,どく,あく,カブトアーマー,スナイパー,するどいめ,70,90,110,60,75,95,500
453,グレッグル,どく,かくとう,きけんよち,かんそうはだ,どくしゅ,48,61,40,61,40,50,300
454,ドクロッグ,どく,かくとう,きけんよち,かんそうはだ,どくしゅ,83,106,65,86,65,85,490
455,マスキッパ,くさ,,ふゆう,,,74,100,72,90,72,46,454
456,ケイコウオ,みず,,すいすい,よびみず,みずのベール,49,49,56,49,61,66,330
457,ネオラント,みず,,すいすい,よびみず,みずのベール,69,69,76,69,86,91,460
458,タマンタ,みず,ひこう,すいすい,ちょすい,みずのベール,45,20,50,60,120,50,345
459,ユキカブリ,くさ,こおり,ゆきふらし,,ぼうおん,60,62,50,62,60,40,334
460,ユキノオー,くさ,こおり,ゆきふらし,,ぼうおん,90,92,75,92,85,60,494
460,メガユキノオー,くさ,こおり,ゆきふらし,,,90,132,105,132,105,30,594
461,マニューラ,あく,こおり,プレッシャー,,わるいてぐせ,70,120,65,45,85,125,510
462,ジバコイル,でんき,はがね,じりょく,がんじょう,アナライズ,70,70,115,130,90,60,535
463,ベロベルト,ノーマル,,マイペース,どんかん,ノーてんき,110,85,95,80,95,50,515
464,ドサイドン,じめん,いわ,ひらいしん,ハードロック,すてみ,115,140,130,55,55,40,535
465,モジャンボ,くさ,,ようりょくそ,リーフガード,さいせいりょく,100,100,125,110,50,50,535
466,エレキブル,でんき,,でんきエンジン,,やるき,75,123,67,95,85,95,540
467,ブーバーン,ほのお,,ほのおのからだ,,やるき,75,95,67,125,95,83,540
468,トゲキッス,フェアリー,ひこう,はりきり,てんのめぐみ,きょううん,85,50,95,120,115,80,545
469,メガヤンマ,むし,ひこう,かそく,いろめがね,おみとおし,86,76,86,116,56,95,515
470,リーフィア,くさ,,リーフガード,,ようりょくそ,65,110,130,60,65,95,525
471,グレイシア,こおり,,ゆきがくれ,,アイスボディ,65,60,110,130,95,65,525
472,グライオン,じめん,ひこう,かいりきバサミ,すながくれ,ポイズンヒール,75,95,125,45,75,95,510
473,マンムー,こおり,じめん,どんかん,ゆきがくれ,あついしぼう,110,130,80,70,60,80,530
474,ポリゴンZ,ノーマル,,てきおうりょく,ダウンロード,アナライズ,85,80,70,135,75,90,535
475,エルレイド,エスパー,かくとう,ふくつのこころ,,せいぎのこころ,68,125,65,65,115,80,518
475,メガエルレイド,エスパー,かくとう,せいしんりょく,,,68,165,95,65,115,110,618
476,ダイノーズ,いわ,はがね,がんじょう,じりょく,すなのちから,60,55,145,75,150,40,525
477,ヨノワール,ゴースト,,プレッシャー,,おみとおし,45,100,135,65,135,45,525
478,ユキメノコ,こおり,ゴースト,ゆきがくれ,,のろわれボディ,70,80,70,80,70,110,480
479,ロトム,でんき,ゴースト,ふゆう,,,50,50,77,95,77,91,440
479,ロトム(ヒートロトム),でんき,ほのお,ふゆう,,,50,65,107,105,107,86,520
479,ロトム(ウォッシュロトム),でんき,みず,ふゆう,,,50,65,107,105,107,86,520
479,ロトム(フロストロトム),でんき,こおり,ふゆう,,,50,65,107,105,107,86,520
479,ロトム(スピンロトム),でんき,ひこう,ふゆう,,,50,65,107,105,107,86,520
479,ロトム(カットロトム),でんき,くさ,ふゆう,,,50,65,107,105,107,86,520
480,ユクシー,エスパー,,ふゆう,,,75,75,130,75,130,95,580
481,エムリット,エスパー,,ふゆう,,,80,105,105,105,105,80,580
482,アグノム,エスパー,,ふゆう,,,75,125,70,125,70,115,580
483,ディアルガ,はがね,ドラゴン,プレッシャー,,テレパシー,100,120,120,150,100,90,680
484,パルキア,みず,ドラゴン,プレッシャー,,テレパシー,90,120,100,150,120,100,680
485,ヒードラン,ほのお,はがね,もらいび,,ほのおのからだ,91,90,106,130,106,77,600
486,レジギガス,ノーマル,,スロースタート,,,110,160,110,80,110,100,670
487,ギラティナ(アナザーフォルム),ゴースト,ドラゴン,プレッシャー,,テレパシー,150,100,120,100,120,90,680
487,ギラティナ(オリジンフォルム),ゴースト,ドラゴン,ふゆう,,,150,120,100,120,100,90,680
488,クレセリア,エスパー,,ふゆう,,,120,70,120,75,130,85,600
489,フィオネ,みず,,うるおいボディ,,,80,80,80,80,80,80,480
490,マナフィ,みず,,うるおいボディ,,,100,100,100,100,100,100,600
491,ダークライ,あく,,ナイトメア,,,70,90,90,135,90,125,600
492,シェイミ(ランドフォルム),くさ,,しぜんかいふく,,,100,100,100,100,100,100,600
492,シェイミ(スカイフォルム),くさ,ひこう,てんのめぐみ,,,100,103,75,120,75,127,600
493,アルセウス,ノーマル,,マルチタイプ,,,120,120,120,120,120,120,720
494,ビクティニ,エスパー,ほのお,しょうりのほし,,,100,100,100,100,100,100,600
495,ツタージャ,くさ,,しんりょく,,あまのじゃく,45,45,55,45,55,63,308
496,ジャノビー,くさ,,しんりょく,,あまのじゃく,60,60,75,60,75,83,413
497,ジャローダ,くさ,,しんりょく,,あまのじゃく,75,75,95,75,95,113,528
498,ポカブ,ほのお,,もうか,,あついしぼう,65,63,45,45,45,45,308
499,チャオブー,ほのお,かくとう,もうか,,あついしぼう,90,93,55,70,55,55,418
500,エンブオー,ほのお,かくとう,もうか,,すてみ,110,123,65,100,65,65,528
501,ミジュマル,みず,,げきりゅう,,シェルアーマー,55,55,45,63,45,45,308
502,フタチマル,みず,,げきりゅう,,シェルアーマー,75,75,60,83,60,60,413
503,ダイケンキ,みず,,げきりゅう,,シェルアーマー,95,100,85,108,70,70,528
504,ミネズミ,ノーマル,,にげあし,するどいめ,アナライズ,45,55,39,35,39,42,255
505,ミルホッグ,ノーマル,,はっこう,するどいめ,アナライズ,60,85,69,60,69,77,420
506,ヨーテリー,ノーマル,,やるき,ものひろい,にげあし,45,60,45,25,45,55,275
507,ハーデリア,ノーマル,,いかく,すなかき,きもったま,65,80,65,35,65,60,370
508,ムーランド,ノーマル,,いかく,すなかき,きもったま,85,110,90,45,90,80,500
509,チョロネコ,あく,,じゅうなん,かるわざ,いたずらごころ,41,50,37,50,37,66,281
510,レパルダス,あく,,じゅうなん,かるわざ,いたずらごころ,64,88,50,88,50,106,446
511,ヤナップ,くさ,,くいしんぼう,,しんりょく,50,53,48,53,48,64,316
512,ヤナッキー,くさ,,くいしんぼう,,しんりょく,75,98,63,98,63,101,498
513,バオップ,ほのお,,くいしんぼう,,もうか,50,53,48,53,48,64,316
514,バオッキー,ほのお,,くいしんぼう,,もうか,75,98,63,98,63,101,498
515,ヒヤップ,みず,,くいしんぼう,,げきりゅう,50,53,48,53,48,64,316
516,ヒヤッキー,みず,,くいしんぼう,,げきりゅう,75,98,63,98,63,101,498
517,ムンナ,エスパー,,よちむ,シンクロ,テレパシー,76,25,45,67,55,24,292
518,ムシャーナ,エスパー,,よちむ,シンクロ,テレパシー,116,55,85,107,95,29,487
519,マメパト,ノーマル,ひこう,はとむね,きょううん,とうそうしん,50,55,50,36,30,43,264
520,ハトーボー,ノーマル,ひこう,はとむね,きょううん,とうそうしん,62,77,62,50,42,65,358
521,ケンホロウ,ノーマル,ひこう,はとむね,きょううん,とうそうしん,80,115,80,65,55,93,488
522,シママ,でんき,,ひらいしん,でんきエンジン,そうしょく,45,60,32,50,32,76,295
523,ゼブライカ,でんき,,ひらいしん,でんきエンジン,そうしょく,75,100,63,80,63,116,497
524,ダンゴロ,いわ,,がんじょう,くだけるよろい,すなのちから,55,75,85,25,25,15,280
525,ガントル,いわ,,がんじょう,くだけるよろい,すなのちから,70,105,105,50,40,20,390
526,ギガイアス,いわ,,がんじょう,すなおこし,すなのちから,85,135,130,60,80,25,515
527,コロモリ,エスパー,ひこう,てんねん,ぶきよう,たんじゅん,65,45,43,55,43,72,323
528,ココロモリ,エスパー,ひこう,てんねん,ぶきよう,たんじゅん,67,57,55,77,55,114,425
529,モグリュー,じめん,,すなかき,すなのちから,かたやぶり,60,85,40,30,45,68,328
530,ドリュウズ,じめん,はがね,すなかき,すなのちから,かたやぶり,110,135,60,50,65,88,508
531,タブンネ,ノーマル,,いやしのこころ,さいせいりょく,ぶきよう,103,60,86,60,86,50,445
531,メガタブンネ,ノーマル,フェアリー,いやしのこころ,,,103,60,126,80,126,50,545
532,ドッコラー,かくとう,,こんじょう,ちからずく,てつのこぶし,75,80,55,25,35,35,305
533,ドテッコツ,かくとう,,こんじょう,ちからずく,てつのこぶし,85,105,85,40,50,40,405
534,ローブシン,かくとう,,こんじょう,ちからずく,てつのこぶし,105,140,95,55,65,45,505
535,オタマロ,みず,,すいすい,うるおいボディ,ちょすい,50,50,40,50,40,64,294
536,ガマガル,みず,じめん,すいすい,うるおいボディ,ちょすい,75,65,55,65,55,69,384
537,ガマゲロゲ,みず,じめん,すいすい,どくしゅ,ちょすい,105,95,75,85,75,74,509
538,ナゲキ,かくとう,,こんじょう,せいしんりょく,かたやぶり,120,100,85,30,85,45,465
539,ダゲキ,かくとう,,がんじょう,せいしんりょく,かたやぶり,75,125,75,30,75,85,465
540,クルミル,むし,くさ,むしのしらせ,ようりょくそ,ぼうじん,45,53,70,40,60,42,310
541,クルマユ,むし,くさ,リーフガード,ようりょくそ,ぼうじん,55,63,90,50,80,42,380
542,ハハコモリ,むし,くさ,むしのしらせ,ようりょくそ,ぼうじん,75,103,80,70,80,92,500
543,フシデ,むし,どく,どくのトゲ,むしのしらせ,かそく,30,45,59,30,39,57,260
544,ホイーガ,むし,どく,どくのトゲ,むしのしらせ,かそく,40,55,99,40,79,47,360
545,ペンドラー,むし,どく,どくのトゲ,むしのしらせ,かそく,60,100,89,55,69,112,485
546,モンメン,くさ,フェアリー,いたずらごころ,すりぬけ,ようりょくそ,40,27,60,37,50,66,280
547,エルフーン,くさ,フェアリー,いたずらごころ,すりぬけ,ようりょくそ,60,67,85,77,75,116,480
548,チュリネ,くさ,,ようりょくそ,マイペース,リーフガード,45,35,50,70,50,30,280
549,ドレディア,くさ,,ようりょくそ,マイペース,リーフガード,70,60,75,110,75,90,480
550,バスラオ(あかすじ),みず,,すてみ,てきおうりょく,かたやぶり,70,92,65,80,55,98,460
550,バスラオ(あおすじ),みず,,いしあたま,てきおうりょく,かたやぶり,70,92,65,80,55,98,460
551,メグロコ,じめん,あく,いかく,じしんかじょう,いかりのつぼ,50,72,35,35,35,65,292
552,ワルビル,じめん,あく,いかく,じしんかじょう,いかりのつぼ,60,82,45,45,45,74,351
553,ワルビアル,じめん,あく,いかく,じしんかじょう,いかりのつぼ,95,117,80,65,70,92,519
554,ダルマッカ,ほのお,,はりきり,,せいしんりょく,70,90,45,15,45,50,315
554,ダルマッカ(ガラルのすがた),こおり,,はりきり,,せいしんりょく,70,90,45,15,45,50,315
555,ヒヒダルマ,ほのお,,ちからずく,,ダルマモード,105,140,55,30,55,95,480
555,ヒヒダルマ(ダルマモード),ほのお,エスパー,ちからずく,,ダルマモード,105,30,105,140,105,55,540
555,ヒヒダルマ(ガラルのすがた),こおり,,ごりむちゅう,,ダルマモード,105,140,55,30,55,95,480
555,ヒヒダルマ(ダルマモード(ガラルのすがた)),こおり,ほのお,ごりむちゅう,,ダルマモード,105,160,55,30,55,135,540
556,マラカッチ,くさ,,ちょすい,ようりょくそ,よびみず,75,86,67,106,67,60,461
557,イシズマイ,むし,いわ,がんじょう,シェルアーマー,くだけるよろい,50,65,85,35,35,55,325
558,イワパレス,むし,いわ,がんじょう,シェルアーマー,くだけるよろい,70,105,125,65,75,45,485
559,ズルッグ,あく,かくとう,だっぴ,じしんかじょう,いかく,50,75,70,35,70,48,348
560,ズルズキン,あく,かくとう,だっぴ,じしんかじょう,いかく,65,90,115,45,115,58,488
561,シンボラー,エスパー,ひこう,ミラクルスキン,マジックガード,いろめがね,72,58,80,103,80,97,490
562,デスマス,ゴースト,,ミイラ,,,38,30,85,55,65,30,303
562,デスマス(ガラルのすがた),じめん,ゴースト,さまようたましい,,,38,55,85,30,65,30,303
563,デスカーン,ゴースト,,ミイラ,,,58,50,145,95,105,30,483
564,プロトーガ,みず,いわ,ハードロック,がんじょう,すいすい,54,78,103,53,45,22,355
565,アバゴーラ,みず,いわ,ハードロック,がんじょう,すいすい,74,108,133,83,65,32,495
566,アーケン,いわ,ひこう,よわき,,,55,112,45,74,45,70,401
567,アーケオス,いわ,ひこう,よわき,,,75,140,65,112,65,110,567
568,ヤブクロン,どく,,あくしゅう,ねんちゃく,ゆうばく,50,50,62,40,62,65,329
569,ダストダス,どく,,あくしゅう,くだけるよろい,ゆうばく,80,95,82,60,82,75,474
570,ゾロア,あく,,イリュージョン,,,40,65,40,80,40,65,330
571,ゾロアーク,あく,,イリュージョン,,,60,105,60,120,60,105,510
572,チラーミィ,ノーマル,,メロメロボディ,テクニシャン,スキルリンク,55,50,40,40,40,75,300
573,チラチーノ,ノーマル,,メロメロボディ,テクニシャン,スキルリンク,75,95,60,65,60,115,470
574,ゴチム,エスパー,,おみとおし,かちき,かげふみ,45,30,50,55,65,45,290
575,ゴチミル,エスパー,,おみとおし,かちき,かげふみ,60,45,70,75,85,55,390
576,ゴチルゼル,エスパー,,おみとおし,かちき,かげふみ,70,55,95,95,110,65,490
577,ユニラン,エスパー,,ぼうじん,マジックガード,さいせいりょく,45,30,40,105,50,20,290
578,ダブラン,エスパー,,ぼうじん,マジックガード,さいせいりょく,65,40,50,125,60,30,370
579,ランクルス,エスパー,,ぼうじん,マジックガード,さいせいりょく,110,65,75,125,85,30,490
580,コアルヒー,みず,ひこう,するどいめ,はとむね,うるおいボディ,62,44,50,44,50,55,305
581,スワンナ,みず,ひこう,するどいめ,はとむね,うるおいボディ,75,87,63,87,63,98,473
582,バニプッチ,こおり,,アイスボディ,ゆきがくれ,くだけるよろい,36,50,50,65,60,44,305
583,バニリッチ,こおり,,アイスボディ,ゆきがくれ,くだけるよろい,51,65,65,80,75,59,395
584,バイバニラ,こおり,,アイスボディ,ゆきふらし,くだけるよろい,71,95,85,110,95,79,535
585,シキジカ,ノーマル,くさ,ようりょくそ,そうしょく,てんのめぐみ,60,60,50,40,50,75,335
586,メブキジカ,ノーマル,くさ,ようりょくそ,そうしょく,てんのめぐみ,80,100,70,60,70,95,475
587,エモンガ,でんき,ひこう,せいでんき,,でんきエンジン,55,75,60,75,60,103,428
588,カブルモ,むし,,むしのしらせ,だっぴ,ノーガード,50,75,45,40,45,60,315
589,シュバルゴ,むし,はがね,むしのしらせ,シェルアーマー,ぼうじん,70,135,105,60,105,20,495
590,タマゲタケ,くさ,どく,ほうし,,さいせいりょく,69,55,45,55,55,15,294
591,モロバレル,くさ,どく,ほうし,,さいせいりょく,114,85,70,85,80,30,464
592,プルリル,みず,ゴースト,ちょすい,のろわれボディ,しめりけ,55,40,50,65,85,40,335
593,ブルンゲル,みず,ゴースト,ちょすい,のろわれボディ,しめりけ,100,60,70,85,105,60,480
594,ママンボウ,みず,,いやしのこころ,うるおいボディ,さいせいりょく,165,75,80,40,45,65,470
595,バチュル,むし,でんき,ふくがん,きんちょうかん,むしのしらせ,50,47,50,57,50,65,319
596,デンチュラ,むし,でんき,ふくがん,きんちょうかん,むしのしらせ,70,77,60,97,60,108,472
597,テッシード,くさ,はがね,てつのトゲ,,,44,50,91,24,86,10,305
598,ナットレイ,くさ,はがね,てつのトゲ,,きけんよち,74,94,131,54,116,20,489
599,ギアル,はがね,,プラス,マイナス,クリアボディ,40,55,70,45,60,30,300
600,ギギアル,はがね,,プラス,マイナス,クリアボディ,60,80,95,70,85,50,440
601,ギギギアル,はがね,,プラス,マイナス,クリアボディ,60,100,115,70,85,90,520
602,シビシラス,でんき,,ふゆう,,,35,55,40,45,40,60,275
603,シビビール,でんき,,ふゆう,,,65,85,70,75,70,40,405
604,シビルドン,でんき,,ふゆう,,,85,115,80,105,80,50,515
605,リグレー,エスパー,,テレパシー,シンクロ,アナライズ,55,55,55,85,55,30,335
606,オーベム,エスパー,,テレパシー,シンクロ,アナライズ,75,75,75,125,95,40,485
607,ヒトモシ,ゴースト,ほのお,もらいび,ほのおのからだ,すりぬけ,50,30,55,65,55,20,275
608,ランプラー,ゴースト,ほのお,もらいび,ほのおのからだ,すりぬけ,60,40,60,95,60,55,370
609,シャンデラ,ゴースト,ほのお,もらいび,ほのおのからだ,すりぬけ,60,55,90,145,90,80,520
610,キバゴ,ドラゴン,,とうそうしん,かたやぶり,きんちょうかん,46,87,60,30,40,57,320
611,オノンド,ドラゴン,,とうそうしん,かたやぶり,きんちょうかん,66,117,70,40,50,67,410
612,オノノクス,ドラゴン,,とうそうしん,かたやぶり,きんちょうかん,76,147,90,60,70,97,540
613,クマシュン,こおり,,ゆきがくれ,ゆきかき,びびり,55,70,40,60,40,40,305
614,ツンベアー,こおり,,ゆきがくれ,ゆきかき,すいすい,95,130,80,70,80,50,505
615,フリージオ,こおり,,ふゆう,,,80,50,50,95,135,105,515
616,チョボマキ,むし,,うるおいボディ,シェルアーマー,ぼうじん,50,40,85,40,65,25,305
617,アギルダー,むし,,うるおいボディ,ねんちゃく,かるわざ,80,70,40,100,60,145,495
618,マッギョ,じめん,でんき,せいでんき,じゅうなん,すながくれ,109,66,84,81,99,32,471
618,マッギョ(ガラルのすがた),じめん,はがね,ぎたい,,,109,81,99,66,84,32,471
619,コジョフー,かくとう,,せいしんりょく,さいせいりょく,すてみ,45,85,50,55,50,65,350
620,コジョンド,かくとう,,せいしんりょく,さいせいりょく,すてみ,65,125,60,95,60,105,510
621,クリムガン,ドラゴン,,さめはだ,ちからずく,かたやぶり,77,120,90,60,90,48,485
622,ゴビット,じめん,ゴースト,てつのこぶし,ぶきよう,ノーガード,59,74,50,35,50,35,303
623,ゴルーグ,じめん,ゴースト,てつのこぶし,ぶきよう,ノーガード,89,124,80,55,80,55,483
624,コマタナ,あく,はがね,まけんき,せいしんりょく,プレッシャー,45,85,70,40,40,60,340
625,キリキザン,あく,はがね,まけんき,せいしんりょく,プレッシャー,65,125,100,60,70,70,490
626,バッフロン,ノーマル,,すてみ,そうしょく,ぼうおん,95,110,95,40,95,55,490
627,ワシボン,ノーマル,ひこう,するどいめ,ちからずく,はりきり,70,83,50,37,50,60,350
628,ウォーグル,ノーマル,ひこう,するどいめ,ちからずく,まけんき,100,123,75,57,75,80,510
629,バルチャイ,あく,ひこう,はとむね,ぼうじん,くだけるよろい,70,55,75,45,65,60,370
630,バルジーナ,あく,ひこう,はとむね,ぼうじん,くだけるよろい,110,65,105,55,95,80,510
631,クイタラン,ほのお,,くいしんぼう,もらいび,しろいけむり,85,97,66,105,66,65,484
632,アイアント,むし,はがね,むしのしらせ,はりきり,なまけ,58,109,112,48,48,109,484
633,モノズ,あく,ドラゴン,はりきり,,,52,65,50,45,50,38,300
634,ジヘッド,あく,ドラゴン,はりきり,,,72,85,70,65,70,58,420
635,サザンドラ,あく,ドラゴン,ふゆう,,,92,105,90,125,90,98,600
636,メラルバ,むし,ほのお,ほのおのからだ,,むしのしらせ,55,85,55,50,55,60,360
637,ウルガモス,むし,ほのお,ほのおのからだ,,むしのしらせ,85,60,65,135,105,100,550
638,コバルオン,はがね,かくとう,せいぎのこころ,,,91,90,129,90,72,108,580
639,テラキオン,いわ,かくとう,せいぎのこころ,,,91,129,90,72,90,108,580
640,ビリジオン,くさ,かくとう,せいぎのこころ,,,91,90,72,90,129,108,580
641,トルネロス(けしんフォルム),ひこう,,いたずらごころ,,まけんき,79,115,70,125,80,111,580
641,トルネロス(れいじゅうフォルム),ひこう,,さいせいりょく,,,79,100,80,110,90,121,580
642,ボルトロス(けしんフォルム),でんき,ひこう,いたずらごころ,,まけんき,79,115,70,125,80,111,580
642,ボルトロス(れいじゅうフォルム),でんき,ひこう,ちくでん,,,79,105,70,145,80,101,580
643,レシラム,ドラゴン,ほのお,ターボブレイズ,,,100,120,100,150,120,90,680
644,ゼクロム,ドラゴン,でんき,テラボルテージ,,,100,150,120,120,100,90,680
645,ランドロス(けしんフォルム),じめん,ひこう,すなのちから,,ちからずく,89,125,90,115,80,101,600
645,ランドロス(れいじゅうフォルム),じめん,ひこう,いかく,,,89,145,90,105,80,91,600
646,キュレム,ドラゴン,こおり,プレッシャー,,,125,130,90,130,90,95,660
646,キュレム(ホワイトキュレム),ドラゴン,こおり,ターボブレイズ,,,125,120,90,170,100,95,700
646,キュレム(ブラックキュレム),ドラゴン,こおり,テラボルテージ,,,125,170,100,120,90,95,700
647,ケルディオ(いつものすがた),みず,かくとう,せいぎのこころ,,,91,72,90,129,90,108,580
647,ケルディオ(かくごのすがた),みず,かくとう,せいぎのこころ,,,91,72,90,129,90,108,580
648,メロエッタ(ボイスフォルム),ノーマル,エスパー,てんのめぐみ,,,100,77,77,128,128,90,600
648,メロエッタ(ステップフォルム),ノーマル,かくとう,てんのめぐみ,,,100,128,90,77,77,128,600
649,ゲノセクト,むし,はがね,ダウンロード,,,71,120,95,120,95,99,600
650,ハリマロン,くさ,,しんりょく,,ぼうだん,56,61,65,48,45,38,313
651,ハリボーグ,くさ,,しんりょく,,ぼうだん,61,78,95,56,58,57,405
652,ブリガロン,くさ,かくとう,しんりょく,,ぼうだん,88,107,122,74,75,64,530
653,フォッコ,ほのお,,もうか,,マジシャン,40,45,40,62,60,60,307
654,テールナー,ほのお,,もうか,,マジシャン,59,59,58,90,70,73,409
655,マフォクシー,ほのお,エスパー,もうか,,マジシャン,75,69,72,114,100,104,534
656,ケロマツ,みず,,げきりゅう,,へんげんじざい,41,56,40,62,44,71,314
657,ゲコガシラ,みず,,げきりゅう,,へんげんじざい,54,63,52,83,56,97,405
658,ゲッコウガ,みず,あく,げきりゅう,,へんげんじざい,72,95,67,103,71,122,530
658,ゲッコウガ(サトシゲッコウガ),みず,あく,きずなへんげ,,,72,145,67,153,71,132,640
659,ホルビー,ノーマル,,ものひろい,ほおぶくろ,ちからもち,38,36,38,32,36,57,237
660,ホルード,ノーマル,じめん,ものひろい,ほおぶくろ,ちからもち,85,56,77,50,77,78,423
661,ヤヤコマ,ノーマル,ひこう,はとむね,,はやてのつばさ,45,50,43,40,38,62,278
662,ヒノヤコマ,ほのお,ひこう,ほのおのからだ,,はやてのつばさ,62,73,55,56,52,84,382
663,ファイアロー,ほのお,ひこう,ほのおのからだ,,はやてのつばさ,78,81,71,74,69,126,499
664,コフキムシ,むし,,りんぷん,ふくがん,フレンドガード,38,35,40,27,25,35,200
665,コフーライ,むし,,だっぴ,,フレンドガード,45,22,60,27,30,29,213
666,ビビヨン,むし,ひこう,りんぷん,ふくがん,フレンドガード,80,52,50,90,50,89,411
667,シシコ,ほのお,ノーマル,とうそうしん,きんちょうかん,じしんかじょう,62,50,58,73,54,72,369
668,カエンジシ,ほのお,ノーマル,とうそうしん,きんちょうかん,じしんかじょう,86,68,72,109,66,106,507
669,フラベベ,フェアリー,,フラワーベール,,きょうせい,44,38,39,61,79,42,303
670,フラエッテ,フェアリー,,フラワーベール,,きょうせい,54,45,47,75,98,52,371
671,フラージェス,フェアリー,,フラワーベール,,きょうせい,78,65,68,112,154,75,552
672,メェークル,くさ,,そうしょく,,くさのけがわ,66,65,48,62,57,52,350
673,ゴーゴート,くさ,,そうしょく,,くさのけがわ,123,100,62,97,81,68,531
674,ヤンチャム,かくとう,,てつのこぶし,かたやぶり,きもったま,67,82,62,46,48,43,348
675,ゴロンダ,かくとう,あく,てつのこぶし,かたやぶり,きもったま,95,124,78,69,71,58,495
676,トリミアン,ノーマル,,ファーコート,,,75,80,60,65,90,102,472
677,ニャスパー,エスパー,,するどいめ,すりぬけ,マイペース,62,48,54,63,60,68,355
678,ニャオニクス(オスの姿),エスパー,,するどいめ,すりぬけ,いたずらごころ,74,48,76,83,81,104,466
678,ニャオニクス(メスの姿),エスパー,,するどいめ,すりぬけ,かちき,74,48,76,83,81,104,466
679,ヒトツキ,はがね,ゴースト,ノーガード,,,45,80,100,35,37,28,325
680,ニダンギル,はがね,ゴースト,ノーガード,,,59,110,150,45,49,35,448
681,ギルガルド(シールドフォルム),はがね,ゴースト,バトルスイッチ,,,60,50,140,50,140,60,500
681,ギルガルド(ブレードフォルム),はがね,ゴースト,バトルスイッチ,,,60,140,50,140,50,60,500
682,シュシュプ,フェアリー,,いやしのこころ,,アロマベール,78,52,60,63,65,23,341
683,フレフワン,フェアリー,,いやしのこころ,,アロマベール,101,72,72,99,89,29,462
684,ペロッパフ,フェアリー,,スイートベール,,かるわざ,62,48,66,59,57,49,341
685,ペロリーム,フェアリー,,スイートベール,,かるわざ,82,80,86,85,75,72,480
686,マーイーカ,あく,エスパー,あまのじゃく,きゅうばん,すりぬけ,53,54,53,37,46,45,288
687,カラマネロ,あく,エスパー,あまのじゃく,きゅうばん,すりぬけ,86,92,88,68,75,73,482
688,カメテテ,いわ,みず,かたいツメ,スナイパー,わるいてぐせ,42,52,67,39,56,50,306
689,ガメノデス,いわ,みず,かたいツメ,スナイパー,わるいてぐせ,72,105,115,54,86,68,500
690,クズモー,どく,みず,どくのトゲ,どくしゅ,てきおうりょく,50,60,60,60,60,30,320
691,ドラミドロ,どく,ドラゴン,どくのトゲ,どくしゅ,てきおうりょく,65,75,90,97,123,44,494
692,ウデッポウ,みず,,メガランチャー,,,50,53,62,58,63,44,330
693,ブロスター,みず,,メガランチャー,,,71,73,88,120,89,59,500
694,エリキテル,でんき,ノーマル,かんそうはだ,すながくれ,サンパワー,44,38,33,61,43,70,289
695,エレザード,でんき,ノーマル,かんそうはだ,すながくれ,サンパワー,62,55,52,109,94,109,481
696,チゴラス,いわ,ドラゴン,がんじょうあご,,がんじょう,58,89,77,45,45,48,362
697,ガチゴラス,いわ,ドラゴン,がんじょうあご,,いしあたま,82,121,119,69,59,71,521
698,アマルス,いわ,こおり,フリーズスキン,,ゆきふらし,77,59,50,67,63,46,362
699,アマルルガ,いわ,こおり,フリーズスキン,,ゆきふらし,123,77,72,99,92,58,521
700,ニンフィア,フェアリー,,メロメロボディ,,フェアリースキン,95,65,65,110,130,60,525
701,ルチャブル,かくとう,ひこう,じゅうなん,かるわざ,かたやぶり,78,92,75,74,63,118,500
702,デデンネ,でんき,フェアリー,ほおぶくろ,ものひろい,プラス,67,58,57,81,67,101,431
703,メレシー,いわ,フェアリー,クリアボディ,,がんじょう,50,50,150,50,150,50,500
704,ヌメラ,ドラゴン,,そうしょく,うるおいボディ,ぬめぬめ,45,50,35,55,75,40,300
705,ヌメイル,ドラゴン,,そうしょく,うるおいボディ,ぬめぬめ,68,75,53,83,113,60,452
706,ヌメルゴン,ドラゴン,,そうしょく,うるおいボディ,ぬめぬめ,90,100,70,110,150,80,600
707,クレッフィ,はがね,フェアリー,いたずらごころ,,マジシャン,57,80,91,80,87,75,470
708,ボクレー,ゴースト,くさ,しぜんかいふく,おみとおし,しゅうかく,43,70,48,50,60,38,309
709,オーロット,ゴースト,くさ,しぜんかいふく,おみとおし,しゅうかく,85,110,76,65,82,56,474
710,バケッチャ(ふつうのサイズ),ゴースト,くさ,ものひろい,おみとおし,ふみん,49,66,70,44,55,51,335
710,バケッチャ(ちいさいサイズ),ゴースト,くさ,ものひろい,おみとおし,ふみん,44,66,70,44,55,56,335
710,バケッチャ(おおきいサイズ),ゴースト,くさ,ものひろい,おみとおし,ふみん,54,66,70,44,55,46,335
710,バケッチャ(とくだいサイズ),ゴースト,くさ,ものひろい,おみとおし,ふみん,59,66,70,44,55,41,335
711,パンプジン(ふつうのサイズ),ゴースト,くさ,ものひろい,おみとおし,ふみん,65,90,122,58,75,84,494
711,パンプジン(ちいさいサイズ),ゴースト,くさ,ものひろい,おみとおし,ふみん,55,85,122,58,75,99,494
711,パンプジン(おおきいサイズ),ゴースト,くさ,ものひろい,おみとおし,ふみん,75,95,122,58,75,69,494
711,パンプジン(とくだいサイズ),ゴースト,くさ,ものひろい,おみとおし,ふみん,85,100,122,58,75,54,494
712,カチコール,こおり,,マイペース,アイスボディ,がんじょう,55,69,85,32,35,28,304
713,クレベース,こおり,,マイペース,アイスボディ,がんじょう,95,117,184,44,46,28,514
714,オンバット,ひこう,ドラゴン,おみとおし,すりぬけ,テレパシー,40,30,35,45,40,55,245
715,オンバーン,ひこう,ドラゴン,おみとおし,すりぬけ,テレパシー,85,70,80,97,80,123,535
716,ゼルネアス,フェアリー,,フェアリーオーラ,,,126,131,95,131,98,99,680
717,イベルタル,あく,ひこう,ダークオーラ,,,126,131,95,131,98,99,680
718,ジガルデ(50%フォルム),ドラゴン,じめん,オーラブレイク,,,108,100,121,81,95,95,600
718,ジガルデ(10%フォルム),ドラゴン,じめん,オーラブレイク,,,54,100,71,61,85,115,486
718,ジガルデ(パーフェクトフォルム),ドラゴン,じめん,スワームチェンジ,,,216,100,121,91,95,85,708
719,ディアンシー,いわ,フェアリー,クリアボディ,,,50,100,150,100,150,50,600
719,メガディアンシー,いわ,フェアリー,マジックミラー,,,50,160,110,160,110,110,700
720,フーパ(いましめられしフーパ),エスパー,ゴースト,マジシャン,,,80,110,60,150,130,70,600
720,フーパ(ときはなたれしフーパ),エスパー,あく,マジシャン,,,80,160,60,170,130,80,680
721,ボルケニオン,ほのお,みず,ちょすい,,,80,110,120,130,90,70,600
722,モクロー,くさ,ひこう,しんりょく,,えんかく,68,55,55,50,50,42,320
723,フクスロー,くさ,ひこう,しんりょく,,えんかく,78,75,75,70,70,52,420
724,ジュナイパー,くさ,ゴースト,しんりょく,,えんかく,78,107,75,100,100,70,530
725,ニャビー,ほのお,,もうか,,いかく,45,65,40,60,40,70,320
726,ニャヒート,ほのお,,もうか,,いかく,65,85,50,80,50,90,420
727,ガオガエン,ほのお,あく,もうか,,いかく,95,115,90,80,90,60,530
728,アシマリ,みず,,げきりゅう,,うるおいボイス,50,54,54,66,56,40,320
729,オシャマリ,みず,,げきりゅう,,うるおいボイス,60,69,69,91,81,50,420
730,アシレーヌ,みず,フェアリー,げきりゅう,,うるおいボイス,80,74,74,126,116,60,530
731,ツツケラ,ノーマル,ひこう,するどいめ,スキルリンク,ものひろい,35,75,30,30,30,65,265
732,ケララッパ,ノーマル,ひこう,するどいめ,スキルリンク,ものひろい,55,85,50,40,50,75,355
733,ドデカバシ,ノーマル,ひこう,するどいめ,スキルリンク,ちからずく,80,120,75,75,75,60,485
734,ヤングース,ノーマル,,はりこみ,がんじょうあご,てきおうりょく,48,70,30,30,30,45,253
735,デカグース,ノーマル,,はりこみ,がんじょうあご,てきおうりょく,88,110,60,55,60,45,418
736,アゴジムシ,むし,,むしのしらせ,,,47,62,45,55,45,46,300
737,デンヂムシ,むし,でんき,バッテリー,,,57,82,95,55,75,36,400
738,クワガノン,むし,でんき,ふゆう,,,77,70,90,145,75,43,500
739,マケンカニ,かくとう,,かいりきバサミ,てつのこぶし,いかりのつぼ,47,82,57,42,47,63,338
740,ケケンカニ,かくとう,こおり,かいりきバサミ,てつのこぶし,いかりのつぼ,97,132,77,62,67,43,478
741,オドリドリ(めらめらスタイル),ほのお,ひこう,おどりこ,,,75,70,70,98,70,93,476
741,オドリドリ(ぱちぱちスタイル),でんき,ひこう,おどりこ,,,75,70,70,98,70,93,476
741,オドリドリ(ふらふらスタイル),エスパー,ひこう,おどりこ,,,75,70,70,98,70,93,476
741,オドリドリ(まいまいスタイル),ゴースト,ひこう,おどりこ,,,75,70,70,98,70,93,476
742,アブリー,むし,フェアリー,みつあつめ,りんぷん,スイートベール,40,45,40,55,40,84,304
743,アブリボン,むし,フェアリー,みつあつめ,りんぷん,スイートベール,60,55,60,95,70,124,464
744,イワンコ,いわ,,するどいめ,やるき,ふくつのこころ,45,65,40,30,40,60,280
745,ルガルガン(まひるのすがた),いわ,,するどいめ,すなかき,ふくつのこころ,75,115,65,55,65,112,487
745,ルガルガン(まよなかのすがた),いわ,,するどいめ,やるき,ノーガード,85,115,75,55,75,82,487
745,ルガルガン(たそがれのすがた),いわ,,かたいツメ,,,75,117,65,55,65,110,487
746,ヨワシ(たんどくのすがた),みず,,ぎょぐん,,,45,20,20,25,25,40,175
746,ヨワシ(むれたすがた),みず,,ぎょぐん,,,45,140,130,140,135,30,620
747,ヒドイデ,どく,みず,ひとでなし,じゅうなん,さいせいりょく,50,53,62,43,52,45,305
748,ドヒドイデ,どく,みず,ひとでなし,じゅうなん,さいせいりょく,50,63,152,53,142,35,495
749,ドロバンコ,じめん,,マイペース,じきゅうりょく,せいしんりょく,70,100,70,45,55,45,385
750,バンバドロ,じめん,,マイペース,じきゅうりょく,せいしんりょく,100,125,100,55,85,35,500
751,シズクモ,みず,むし,すいほう,,ちょすい,38,40,52,40,72,27,269
752,オニシズクモ,みず,むし,すいほう,,ちょすい,68,70,92,50,132,42,454
753,カリキリ,くさ,,リーフガード,,あまのじゃく,40,55,35,50,35,35,250
754,ラランテス,くさ,,リーフガード,,あまのじゃく,70,105,90,80,90,45,480
755,ネマシュ,くさ,フェアリー,はっこう,ほうし,あめうけざら,40,35,55,65,75,15,285
756,マシェード,くさ,フェアリー,はっこう,ほうし,あめうけざら,60,45,80,90,100,30,405
757,ヤトウモリ,どく,ほのお,ふしょく,,どんかん,48,44,40,71,40,77,320
758,エンニュート,どく,ほのお,ふしょく,,どんかん,68,64,60,111,60,117,480
759,ヌイコグマ,ノーマル,かくとう,もふもふ,ぶきよう,メロメロボディ,70,75,50,45,50,50,340
760,キテルグマ,ノーマル,かくとう,もふもふ,ぶきよう,きんちょうかん,120,125,80,55,60,60,500
761,アマカジ,くさ,,リーフガード,どんかん,スイートベール,42,30,38,30,38,32,210
762,アママイコ,くさ,,リーフガード,どんかん,スイートベール,52,40,48,40,48,62,290
763,アマージョ,くさ,,リーフガード,じょおうのいげん,スイートベール,72,120,98,50,98,72,510
764,キュワワー,フェアリー,,フラワーベール,ヒーリングシフト,しぜんかいふく,51,52,90,82,110,100,485
765,ヤレユータン,ノーマル,エスパー,せいしんりょく,テレパシー,きょうせい,90,60,80,90,110,60,490
766,ナゲツケサル,かくとう,,レシーバー,,まけんき,100,120,90,40,60,80,490
767,コソクムシ,むし,みず,にげごし,,,25,35,40,20,30,80,230
768,グソクムシャ,むし,みず,ききかいひ,,,75,125,140,60,90,40,530
769,スナバァ,ゴースト,じめん,みずがため,,すながくれ,55,55,80,70,45,15,320
770,シロデスナ,ゴースト,じめん,みずがため,,すながくれ,85,75,110,100,75,35,480
771,ナマコブシ,みず,,とびだすなかみ,,てんねん,55,60,130,30,130,5,410
772,タイプ：ヌル,ノーマル,,カブトアーマー,,,95,95,95,95,95,59,534
773,シルヴァディ,ノーマル,,ARシステム,,,95,95,95,95,95,95,570
774,メテノ(りゅうせいのすがた),いわ,ひこう,リミットシールド,,,60,60,100,60,100,60,440
774,メテノ(コア),いわ,ひこう,リミットシールド,,,60,100,60,100,60,120,500
775,ネッコアラ,ノーマル,,ぜったいねむり,,,65,115,65,75,95,65,480
776,バクガメス,ほのお,ドラゴン,シェルアーマー,,,60,78,135,91,85,36,485
777,トゲデマル,でんき,はがね,てつのトゲ,ひらいしん,がんじょう,65,98,63,40,73,96,435
778,ミミッキュ,ゴースト,フェアリー,ばけのかわ,,,55,90,80,50,105,96,476
779,ハギギシリ,みず,エスパー,ビビッドボディ,がんじょうあご,ミラクルスキン,68,105,70,70,70,92,475
780,ジジーロン,ノーマル,ドラゴン,ぎゃくじょう,そうしょく,ノーてんき,78,60,85,135,91,36,485
781,ダダリン,ゴースト,くさ,はがねつかい,,,70,131,100,86,90,40,517
782,ジャラコ,ドラゴン,,ぼうだん,ぼうおん,ぼうじん,45,55,65,45,45,45,300
783,ジャランゴ,ドラゴン,かくとう,ぼうだん,ぼうおん,ぼうじん,55,75,90,65,70,65,420
784,ジャラランガ,ドラゴン,かくとう,ぼうだん,ぼうおん,ぼうじん,75,110,125,100,105,85,600
785,カプ・コケコ,でんき,フェアリー,エレキメイカー,,テレパシー,70,115,85,95,75,130,570
786,カプ・テテフ,エスパー,フェアリー,サイコメイカー,,テレパシー,70,85,75,130,115,95,570
787,カプ・ブルル,くさ,フェアリー,グラスメイカー,,テレパシー,70,130,115,85,95,75,570
788,カプ・レヒレ,みず,フェアリー,ミストメイカー,,テレパシー,70,75,115,95,130,85,570
789,コスモッグ,エスパー,,てんねん,,,43,29,31,29,31,37,200
790,コスモウム,エスパー,,がんじょう,,,43,29,131,29,131,37,400
791,ソルガレオ,エスパー,はがね,メタルプロテクト,,,137,137,107,113,89,97,680
792,ルナアーラ,エスパー,ゴースト,ファントムガード,,,137,113,89,137,107,97,680
793,ウツロイド,いわ,どく,ビーストブースト,,,109,53,47,127,131,103,570
794,マッシブーン,むし,かくとう,ビーストブースト,,,107,139,139,53,53,79,570
795,フェローチェ,むし,かくとう,ビーストブースト,,,71,137,37,137,37,151,570
796,デンジュモク,でんき,,ビーストブースト,,,83,89,71,173,71,83,570
797,テッカグヤ,はがね,ひこう,ビーストブースト,,,97,101,103,107,101,61,570
798,カミツルギ,くさ,はがね,ビーストブースト,,,59,181,131,59,31,109,570
799,アクジキング,あく,ドラゴン,ビーストブースト,,,223,101,53,97,53,43,570
800,ネクロズマ,エスパー,,プリズムアーマー,,,97,107,101,127,89,79,600
800,ネクロズマ(たそがれのたてがみ(日食)),エスパー,はがね,プリズムアーマー,,,97,157,127,113,109,77,680
800,ネクロズマ(あかつきのつばさ(月食)),エスパー,ゴースト,プリズムアーマー,,,97,113,109,157,127,77,680
800,ネクロズマ(ウルトラネクロズマ),エスパー,ドラゴン,ブレインフォース,,,97,167,97,167,97,129,754
801,マギアナ,はがね,フェアリー,ソウルハート,,,80,95,115,130,115,65,600
802,マーシャドー,かくとう,ゴースト,テクニシャン,,,90,125,80,90,90,125,600
803,ベベノム,どく,,ビーストブースト,,,67,73,67,73,67,73,420
804,アーゴヨン,どく,ドラゴン,ビーストブースト,,,73,73,73,127,73,121,540
805,ツンデツンデ,いわ,はがね,ビーストブースト,,,61,131,211,53,101,13,570
806,ズガドーン,ほのお,ゴースト,ビーストブースト,,,53,127,53,151,79,107,570
807,ゼラオラ,でんき,,ちくでん,,,88,112,75,102,80,143,600
808,メルタン,はがね,,じりょく,,,46,65,65,55,35,34,300
809,メルメタル,はがね,,てつのこぶし,,,135,143,143,80,65,34,600
810,サルノリ,くさ,,しんりょく,,グラスメイカー,50,65,50,40,40,65,310
811,バチンキー,くさ,,しんりょく,,グラスメイカー,70,85,70,55,60,80,420
812,ゴリランダー,くさ,,しんりょく,,グラスメイカー,100,125,90,60,70,85,530
813,ヒバニー,ほのお,,もうか,,リベロ,50,71,40,40,40,69,310
814,ラビフット,ほのお,,もうか,,リベロ,65,86,60,55,60,94,420
815,エースバーン,ほのお,,もうか,,リベロ,80,116,75,65,75,119,530
816,メッソン,みず,,げきりゅう,,スナイパー,50,40,40,70,40,70,310
817,ジメレオン,みず,,げきりゅう,,スナイパー,65,60,55,95,55,90,420
818,インテレオン,みず,,げきりゅう,,スナイパー,70,85,65,125,65,120,530
819,ホシガリス,ノーマル,,ほおぶくろ,,くいしんぼう,70,55,55,35,35,25,275
820,ヨクバリス,ノーマル,,ほおぶくろ,,くいしんぼう,120,95,95,55,75,20,460
821,ココガラ,ひこう,,するどいめ,きんちょうかん,はとむね,38,47,35,33,35,57,245
822,アオガラス,ひこう,,するどいめ,きんちょうかん,はとむね,68,67,55,43,55,77,365
823,アーマーガア,ひこう,はがね,プレッシャー,きんちょうかん,ミラーアーマー,98,87,105,53,85,67,495
824,サッチムシ,むし,,むしのしらせ,ふくがん,テレパシー,25,20,20,25,45,45,180
825,レドームシ,むし,エスパー,むしのしらせ,ふくがん,テレパシー,50,35,80,50,90,30,335
826,イオルブ,むし,エスパー,むしのしらせ,おみとおし,テレパシー,60,45,110,80,120,90,505
827,クスネ,あく,,にげあし,かるわざ,はりこみ,40,28,28,47,52,50,245
828,フォクスライ,あく,,にげあし,かるわざ,はりこみ,70,58,58,87,92,90,455
829,ヒメンカ,くさ,,わたげ,さいせいりょく,ほうし,40,40,60,40,60,10,250
830,ワタシラガ,くさ,,わたげ,さいせいりょく,ほうし,60,50,90,80,120,60,460
831,ウールー,ノーマル,,もふもふ,にげあし,ぼうだん,42,40,55,40,45,48,270
832,バイウールー,ノーマル,,もふもふ,ふくつのこころ,ぼうだん,72,80,100,60,90,88,490
833,カムカメ,みず,,がんじょうあご,シェルアーマー,すいすい,50,64,50,38,38,44,284
834,カジリガメ,みず,いわ,がんじょうあご,シェルアーマー,すいすい,90,115,90,48,68,74,485
835,ワンパチ,でんき,,たまひろい,,びびり,59,45,50,40,50,26,270
836,パルスワン,でんき,,がんじょうあご,,かちき,69,90,60,90,60,121,490
837,タンドン,いわ,,じょうききかん,たいねつ,もらいび,30,40,50,40,50,30,240
838,トロッゴン,いわ,ほのお,じょうききかん,ほのおのからだ,もらいび,80,60,90,60,70,50,410
839,セキタンザン,いわ,ほのお,じょうききかん,ほのおのからだ,もらいび,110,80,120,80,90,30,510
840,カジッチュ,くさ,ドラゴン,じゅくせい,くいしんぼう,ぼうだん,40,40,80,40,40,20,260
841,アップリュー,くさ,ドラゴン,じゅくせい,くいしんぼう,はりきり,70,110,80,95,60,70,485
842,タルップル,くさ,ドラゴン,じゅくせい,くいしんぼう,あついしぼう,110,85,80,100,80,30,485
843,スナヘビ,じめん,,すなはき,だっぴ,すながくれ,52,57,75,35,50,46,315
844,サダイジャ,じめん,,すなはき,だっぴ,すながくれ,72,107,125,65,70,71,510
845,ウッウ,ひこう,みず,うのミサイル,,,70,85,55,85,95,85,475
846,サシカマス,みず,,すいすい,,スクリューおびれ,41,63,40,40,30,66,280
847,カマスジョー,みず,,すいすい,,スクリューおびれ,61,123,60,60,50,136,490
848,エレズン,でんき,どく,びびり,せいでんき,ぶきよう,40,38,35,54,35,40,242
849,ストリンダー(ハイなすがた),でんき,どく,パンクロック,プラス,テクニシャン,75,98,70,114,70,75,502
849,ストリンダー(ローなすがた),でんき,どく,パンクロック,マイナス,テクニシャン,75,98,70,114,70,75,502
850,ヤクデ,ほのお,むし,もらいび,しろいけむり,ほのおのからだ,50,65,45,50,50,45,305
851,マルヤクデ,ほのお,むし,もらいび,しろいけむり,ほのおのからだ,100,115,65,90,90,65,525
852,タタッコ,かくとう,,じゅうなん,,テクニシャン,50,68,60,50,50,32,310
853,オトスパス,かくとう,,じゅうなん,,テクニシャン,80,118,90,70,80,42,480
854,ヤバチャ,ゴースト,,くだけるよろい,,のろわれボディ,40,45,45,74,54,50,308
855,ポットデス,ゴースト,,くだけるよろい,,のろわれボディ,60,65,65,134,114,70,508
856,ミブリム,エスパー,,いやしのこころ,きけんよち,マジックミラー,42,30,45,56,53,39,265
857,テブリム,エスパー,,いやしのこころ,きけんよち,マジックミラー,57,40,65,86,73,49,370
858,ブリムオン,エスパー,フェアリー,いやしのこころ,きけんよち,マジックミラー,57,90,95,136,103,29,510
859,ベロバー,あく,フェアリー,いたずらごころ,おみとおし,わるいてぐせ,45,45,30,55,40,50,265
860,ギモー,あく,フェアリー,いたずらごころ,おみとおし,わるいてぐせ,65,60,45,75,55,70,370
861,オーロンゲ,あく,フェアリー,いたずらごころ,おみとおし,わるいてぐせ,95,120,65,95,75,60,510
862,タチフサグマ,あく,ノーマル,すてみ,こんじょう,まけんき,93,90,101,60,81,95,520
863,ニャイキング,はがね,,カブトアーマー,かたいツメ,はがねのせいしん,70,110,100,50,60,50,440
864,サニゴーン,ゴースト,,くだけるよろい,,ほろびのボディ,60,95,50,145,130,30,510
865,ネギガナイト,かくとう,,ふくつのこころ,,きもったま,62,135,95,68,82,65,507
866,バリコオル,こおり,エスパー,ちどりあし,バリアフリー,アイスボディ,80,85,75,110,100,70,520
867,デスバーン,じめん,ゴースト,さまようたましい,,,58,95,145,50,105,30,483
868,マホミル,フェアリー,,スイートベール,,アロマベール,45,40,40,50,61,34,270
869,マホイップ,フェアリー,,スイートベール,,アロマベール,65,60,75,110,121,64,495
870,タイレーツ,かくとう,,カブトアーマー,,まけんき,65,100,100,70,60,75,470
871,バチンウニ,でんき,,ひらいしん,,エレキメイカー,48,101,95,91,85,15,435
872,ユキハミ,こおり,むし,りんぷん,,こおりのりんぷん,30,25,35,45,30,20,185
873,モスノウ,こおり,むし,りんぷん,,こおりのりんぷん,70,65,60,125,90,65,475
874,イシヘンジン,いわ,,パワースポット,,,100,125,135,20,20,70,470
875,コオリッポ(アイスフェイス),こおり,,アイスフェイス,,,75,80,110,65,90,50,470
875,コオリッポ(ナイスフェイス),こおり,,アイスフェイス,,,75,80,70,65,50,130,470
876,イエッサン(オスのすがた),エスパー,ノーマル,せいしんりょく,シンクロ,サイコメイカー,60,65,55,105,95,95,475
876,イエッサン(メスのすがた),エスパー,ノーマル,マイペース,シンクロ,サイコメイカー,70,55,65,95,105,85,475
877,モルペコ,でんき,あく,はらぺこスイッチ,,,58,95,58,70,58,97,436
878,ゾウドウ,はがね,,ちからずく,,ヘヴィメタル,72,80,49,40,49,40,330
879,ダイオウドウ,はがね,,ちからずく,,ヘヴィメタル,122,130,69,80,69,30,500
880,パッチラゴン,でんき,ドラゴン,ちくでん,はりきり,すなかき,90,100,90,80,70,75,505
881,パッチルドン,でんき,こおり,ちくでん,せいでんき,ゆきかき,90,100,90,90,80,55,505
882,ウオノラゴン,みず,ドラゴン,ちょすい,がんじょうあご,すなかき,90,90,100,70,80,75,505
883,ウオチルドン,みず,こおり,ちょすい,アイスボディ,ゆきかき,90,90,100,80,90,55,505
884,ジュラルドン,はがね,ドラゴン,ライトメタル,ヘヴィメタル,すじがねいり,70,95,115,120,50,85,535
885,ドラメシヤ,ドラゴン,ゴースト,クリアボディ,すりぬけ,のろわれボディ,28,60,30,40,30,82,270
886,ドロンチ,ドラゴン,ゴースト,クリアボディ,すりぬけ,のろわれボディ,68,80,50,60,50,102,410
887,ドラパルト,ドラゴン,ゴースト,クリアボディ,すりぬけ,のろわれボディ,88,120,75,100,75,142,600
888,ザシアン(れきせんのゆうしゃ),フェアリー,,ふとうのけん,,,92,130,115,80,115,138,670
888,ザシアン(けんのおう),フェアリー,はがね,ふとうのけん,,,92,170,115,80,115,148,720
889,ザマゼンタ(れきせんのゆうしゃ),かくとう,,ふくつのたて,,,92,130,115,80,115,138,670
889,ザマゼンタ(たてのおう),かくとう,はがね,ふくつのたて,,,92,130,145,80,145,128,720
890,ムゲンダイナ,どく,ドラゴン,プレッシャー,,,140,85,95,145,95,130,690
891,ダクマ,かくとう,,せいしんりょく,,,60,90,60,53,50,72,385
892,ウーラオス(いちげきのかた),かくとう,あく,ふかしのこぶし,,,100,130,100,63,60,97,550
892,ウーラオス(れんげきのかた),かくとう,みず,ふかしのこぶし,,,100,130,100,63,60,97,550
893,ザルード,あく,くさ,リーフガード,,,105,120,105,70,95,105,600
894,レジエレキ,でんき,,トランジスタ,,,80,100,50,100,50,200,580
895,レジドラゴ,ドラゴン,,りゅうのあぎと,,,200,100,50,100,50,80,580
896,ブリザポス,こおり,,しろのいななき,,,100,145,130,65,110,30,580
897,レイスポス,ゴースト,,くろのいななき,,,100,65,60,145,80,130,580
898,バドレックス,エスパー,くさ,きんちょうかん,,,100,80,80,80,80,80,500
898,バドレックス(はくばじょうのすがた),エスパー,こおり,じんばいったい,,,100,165,150,85,130,50,680
898,バドレックス(こくばじょうのすがた),エスパー,ゴースト,じんばいったい,,,100,85,80,165,100,150,680
